entertainment;channelid
YouTube;UCBR8-60-B28hp2BmDPdntcQ
Alan Chikin Chow;UC5gxP-2QqIh_09djvlm9Xcg
Goldmines Gaane Sune Ansune;UCtW7qWjpCZ8zps-Cf2NF26w
Spider Slack;UCtiddfzHXNevG-yYe5vc_4Q
Mr Bean;UCkAGrHCLFmlK3H2kd6isipg
Baby Shark - Pinkfong Kids’ Songs & Stories;UCcdwLMPsaU2ezNSJU1nFoBQ
Rajshri;UCEKWXRsfUHkan-D_ljU8Asw
Goldmines Dishoom;UCu7Hg0f3rxqZ6qs-188ZbjQ
Talking Tom;UCm3hAp1m1xlAz0ve_EKAo4g
ashish chanchlani vines;UC7eHZXheF8nVOfwB2PEslMw
MrBeast;UCX6OQ3DkcsbYNE6H8uQQuVA
Ch3Thailand;UC48h7Dst_hX82HxOf3xJw_w
Zach King;UCq8DICunczvLuJJq414110A
Masha y el Oso;UCuSo4gcgxJRf4Bzu43wwVyg
SSSniperWolf;UCpB959t8iPrxQWj7G6n0ctQ
Sagawa /さがわ;UCWaOde99oeUVoXbIj3SNu9g
Ishaan Ali 11;UCN4NflpHqLeHQZ91kTUVCBw
LeoNata Family;UCMsPm8-25ygqRrRe9_s1WFw
CVS 3D Rhymes & Kids Songs;UCsPF3cApzCohxPp5oKdoWSQ
TakeABreakOfficial;UCzIciQA6KlhGCZFByEo2wFQ
Marta and Rustam;UCm-Qr3k89gtXcuv2jL29XFw
Kimberly Loaiza;UCQZfFRohQ7UX-0CdXl-6pwQ
LUCCAS NETO - LUCCAS TOON;UC_gV70G_Y51LTa3qhu8KiEA
HAR PAL GEO;UCe9JSDmyqNgA_l2BzGHq1Ug
Akshay Nagwadiya;UCz7PhJtc2G8Sre2vCLfmqAw
ABS-CBN Entertainment;UCstEtN0pgOmCf02EdXsGChw
Gulshan Kalra;UC56dNUTok1pgvpY75CsJQ4Q
Aditya Movies;UCX_uPA_dGf7wXjuMEaSKLJA
Você Sabia?;UCj0O6W8yDuLg3iraAXKgCrQ
Zhong;UCyagEfIN1okQ-s996XAqCFQ
