overall;username;channelid
Ed Sheeran;EdSheeran;UC0C-w0YjGpqDXGB8IHb662A
Movieclips;MOVIECLIPS;UC3gNmTGu-TTbFPpfSs5kNkg
EminemMusic;eminem;UCfM3zsQsOnfWNUppiycmBuw
BETER BÖCÜK;beterbocuk;UC6gVx_vALsYT-z_u1djJbBQ
whinderssonnunes;whindersson;UC3KQ5GWANYF8lChqjZpXsQw
Like Nastya;LikeNastyaofficial;UCJplp5SjeGSdVdwsfb9Q7lQ
KL BRO Biju Rithvik;KLBROBijuRithvik1;UCL5nlHWXVLeOsSjKH2fhmsg
Maria Clara & JP;MariaClaraeJP;UCKe6w0exI94U-RzqAyoY1VA
Luisito Comunica;luisitocomunica;UCECJDeK0MNapZbpaOzxrUPA
WorkpointOfficial;WorkpointOfficial;UC3ZkCd7XtUREnjjt3cyY_gg
T-Series;tseries;UCq-Fj5jknLsUf-MWSy4_brA
Fernanfloo;Fernanfloo;UCV4xOVpbcV8SdueDCOxLXtQ
MrBeast Gaming;MrBeastGaming;UCIPPMRA040LQr5QPyJEbmXA
Katy Perry;KatyPerry;UCYvmuw-JtVrTZQ-7Y4kd63Q
Felipe Neto;felipeneto;UCV306eHqgo0LvBf3Mh36AHg
CarryMinati;CarryMinati;UCj22tfcQrWG7EMEKS0qLeEg
Total Gaming;TotalGaming093;UC5c9VlYTSvBSCaoMu_GI6gQ
Badabun;badabunOficial;UCYWOjHweP2V-8kGKmmAmQJQ
ABS-CBN Entertainment;abscbnentertainment;UCstEtN0pgOmCf02EdXsGChw
Shemaroo;shemaroo;UCF1JIbMUs6uqoZEY1Haw0GQ
Alan Chikin Chow;AlanChikinChow;UC5gxP-2QqIh_09djvlm9Xcg
El Reino Infantil;ElReinoInfantil;UCK1i2UviaXLUNrZlAFpw_jA
Infobells - Hindi;infobellshindirhymes;UC1ciY6kR3yj3kaKZ6R7ewAg
ChuChu TV Nursery Rhymes & Kids Songs;ChuChuTV;UCBnZ16ahKA2DZ_T5W0FPUXg
Fede Vigevani;fedevigevani;UCoQm-PeHC-cbJclKJYJ8LzA
Shemaroo Filmi Gaane;filmigaane;UCP6uH_XlsxrXwZQ4DlqbqPg
Mikecrack;Mikecrack;UCqJ5zFEED1hWs0KNQCQuYdQ
Speed Records;speedrecords;UCOsyDsO5tIt-VZ1iwjdQmew
Tips Official;tipsofficial;UCJrDMFOdv1I2k8n9oK_V21w
Shakira;Shakira;UCYLNGLIzMhRTi6ZOLjAPSmw
