gaming;channelid
Ali-A;UCYVinkwSX7szARULgYpvhLw
LazarBeam;UCw1SQ6QRRtfAhrN_cjkrOgA
Robin Hood Gamer;UCYtaoJSk9iIrFxx8eZB15ag
WinnerMax;UCQepteFTvZ8Fnoyt7PleZVA
NITIN FREE FIRE;UCM4GJm2A0-u8baQKlsJrITA
MrBeast Gaming;UCIPPMRA040LQr5QPyJEbmXA
Dyland PROS;UCXdmo_q4SawYMz-dmeKEHPQ
BigTasty ;UC_1_bb0cj_QVAE4DVXo0mSA
Поззи;UC6C1dyHHOMVIBAze8dWfqCw
Gronkh;UCYJ61XIK64sp6ZFFS8sctxw
PewDiePie;UC-lHJZR3Gqxm24_Vd_AJ5Yw
PlayStation;UC-2Y8dQb0S6DtpxNgAKoJKA
iTownGamePlay *Terror&Diversión*;UCKmlxQVs0vHtaLldRIQ8lsA
TazerCraft;UCjBO43ykxlSs3j7F7EXcBUQ
Caylus  ;UCVAYy7_zddIx6USjXscV9Vg
PlayHard;UC4IMfO_--bwBaNgWeoLxAgg
LORD Ahmed;UC7XyFVSHSU-gUCAhIcYYFog
PrestonPlayz;UCJZam2u1G0syq3kyqrCXrNw
Mobile Legends: Bang Bang;UCqmld-BIYME2i_ooRTo1EOg
TheGrefg;UCCEmjNPpJYhGDgaEqeeA4HA
RobTopGames;UCz_yk8mDSAnxJq0ar66L4sw
FGTeeV;UCC-RHF_77zQdKcA75hr5oTQ
DeGoBooM;UCj9rK3jt8qmih4mZX0UL67g
VEGETTA777;UCam8T03EOFBsNdR0thrFHdQ
Guava Juice;UCMNmwqCtCSpftrbvR3KkHDA
Ninja;UCAW-NpUFkMyCNrvRSSGIvDQ
Brawl Stars;UCooVYzDxdwTtGYAkcPmOgOw
Lachlan;UCh7EqOZt7EvO2osuKbIlpGg
Soy Suco;UCIpp0Pb8H3K-Htb-WOF9DBw
Makiman131;UCevY-z55kr37ZAXG15F-KiA
