education;channelid
Learn English with EnglishClass101.com;UCeTVoczn9NOZA9blls3YgUg
DSL English;UC4I13pjEDm7rHFMb5PkOUaw
Matem√°ticas profe Alex;UCanMxWvOoiwtjLYm08Bo8QQ
minutephysics;UCUHW94eEFW7hkUMVaZz4eDg
Ridddle;UC9Ep0Y4T5rvUuIfjKN1wqTw
Manual do Mundo;UCKHhA5hN2UohhFDfNXB_cvQ
Science and fun;UCACU6FM4RgOgX0IHB7dudFA
Kok Bisa?;UCu0yQD7NFMyLu_-TmKa4Hqg
Be Smart;UCH4BNI0-FOK2dMXoFtViWHw
???????? TV;UCZ1OsbnPa1RX6rl9NWlRTOg
BRIGHT SIDE;UC4rlAVgAK0SGk-yTfe48Qpw
Facts Dastan;UCuKVGUBU2JsfcX5nk2d4zVQ
Ravi Study GK;UCbZ4R4Ae5oQACsJF8o0dNLQ
ISHAN LLB;UCWew_LbiRfU_pn71wjfHV4g
Land Of Facts;UCJgyTgth5UYYGMTMh2c6Daw
julioprofe;UCIkCzk3ezlAxX5r2OFlHLaQ
CA Rachana Phadke Ranade;UCe3qdG0A_gr-sEdat5y2twQ
100% Homemade Gharelu Nuskhe;UCeiLxnrgh88kf8SeaTNdRLA
3Blue1Brown;UCYO_jab_esuFRV4b17AJtAw
SYMPA;UCt6IQpsggvn6zmalhPglSEA
REVEALING EYES;UCv2_homR7I0qX8NtwwjK9Cw
Magnet Brains;UC3HS6gQ79jjn4xHxogw0HiA
Mahesh Ahjoliya;UC5H9MzrMkJ5iuN11vV2PLhA
Canal Nostalgia;UCH2VZQBLFTOp6I_qgnBJCuQ
Mahatmaji Technical;UCRGl2gA9X6BXqOvNL2jePtw
Sadhguru;UCcYzLCs3zrQIBVHYA1sK2sw
Nucleus Medical Media;UC85VW73bQLEjs_taFKP7TwQ
Andrew Huberman;UC2D2CMWXMOVWx7giW1n3LIg
Wit Quiz;UCCdYYruzqbr0FdNehbUoUiw
wifistudy 2.0 by Unacademy;UCMGrQ4dW5CT5bs44tRa94Bw
