food;channelid
Pick Up Limes;UCq2E1mIwUKMWzCA4liA_XGQ
Vat19;UCDRbNGFusqlXX4a5vwi9ouQ
Tool Items;UCeuXd6PLk_t2WGIhPMvkUSA
Kluna Tik 2;UCw5hxC9BldHV8cU8PgbNY9g
Epic Meal Time;UCYjk_zY-iYR8YNfJmuzd70A
tanboy kun;UC8rHUssNDJ9YEjfduAqJBmw
Lang Lieu;UCGkKmrouK5VjiOgnlaBLq8w
Indian Food Vlogs;UCtOirv6sc1gWMCBye2gzkhw
Ray Kitchen;UC2JcFCoSQnxqmeMxvA49Vjg
โฟกัสแอนด์ฟิล์ม แฟมมิลี่แก๊งค์;UCk3JZr7eS3pg5AGEvBdEvFg
5-Minute Crafts;UC295-Dw_tDNtZXFeAPAW6Aw
MadhurasRecipe Marathi;UCmbua9iiakRr6nuCXxxsKSQ
CheffOtto;UCJfc2mKSqVmlXTR3wBTwTrg
Menino Prendado;UC1-WVziv_VW5lEoGg4_tmng
Wolfie;UCbI2XhhZwo4NEyg3oNv2Tsw
Fruit  Decoration;UC9EQKOkC3A8RtKBy282KK4w
Madras Samayal;UCHGktfcQq2BY_8tGPHwvm7g
Chef Ranveer Brar;UCEHCDn_BBnk3uTK1M64ptyw
MariAndKids;UCPGFLUUESbnhkOTpIt71Awg
Ayatee;UCmWV4bvAO4vUQtRZayT1usw
Milad Mirg;UCWLu3q9FEmPPYKcUAxKZb2A
قناة سعود Saud Channel l;UC7loSNYw43oSTLlThtm_Ytw
Thơ Nguyễn;UCJQVsC3XcvuRMRr-jD_kTPw
FFUNTV;UCt8z2S30Wl-GQEluFVM8NUw
Alina Saito / 斎藤アリーナ;UC2zaij4gdFjQ1gUeYB6tyIA
ExpCaseros;UCoTyVfIkM-hjz4JauDoVvog
The Try Guys;UCpi8TJfiA4lKGkaXs__YdBA
Satvic Movement;UC53cAvFeWsNwsfCQnJmLjDQ
쏘영 Ssoyoung;UC4PpFUrfT2Pou7OwpVF0MUQ
Our Collection;UC6pTJezPPWXOo7Yyz8TMv7g
