autos;channelid
Hugo Milgrau;UCs1JevIKnU4E4ULMZr-0Qog
3D Video Designs;UCyEjPPpCAyy9r7gK3AKZiAQ
TheStradman;UC21Kozr_K0yDM-VjoihG9Aw
Hagerty;UCLgEVx4mzk3T3mzgbKG54Eg
kutty twin throttlers;UC1enM2bvC1gBG6J1JlTA6Fg
Donut;UCL6JmiMXKoXS6bpP1D3bk8g
Alfredo Valenzuela;UC4PmaPjnhdLcvkQkh9UuOPg
MapinhaGamer;UC0S8tQbrUQ86P0jQKEbL_1w
Mallu Traveler;UCUSFb3Dwt8AdfDIxdHTlNuA
Forrest's Auto Reviews;UCJla13cU_l6Itg8yEtOiAqQ
HaerteTest;UCqsS8fU6yVxrJr5y_CoUn3w
MONTY VLOGS;UCBO9_TxV3mvbPEoZzaKb9pQ
Bruno Garcia;UCtYmG4OZ96ZacwCpNXo996Q
BOATSNAPS;UCw9WZmiBodReRvdx-5NbFOg
MD JCB XPERT;UC0S4TBEsQgiyMJaZ5z1w_Mw
Tesla;UC5WjFrtBdufl6CZojX3D8dQ
Roma Street;UC2IM14YVX1mdmLC-p-i8xnQ
Project Farm;UC2rzsm1Qi6N1X-wuOg_p0Ng
CarThrottle;UCNBbCOuAN1NZAuj0vPe_MkA
Super Comedia;UCZbfSxcikeK2pGMittWyvbw
DirtBike Lunatic;UCUsjtDtVf6qyxigW-30ww4w
Gui Nobre;UC_XGgRFoktKUXZVD1_tp7EA
One Day 2.0;UCErNdVOaUp5SjifzH42JYQQ
Eidan Sanker / Donâ€™t Touch My Car;UCs-S2wp4ID5G-L8lEVa8OWQ
Portal Wheeling ;UCVipFbXwK1lYCyc8eTOLotQ
Renan Fiorini;UCPJ6Diqv10p-rOfWdKSRs9w
CAR-TV;UCs_gcVRMHEx5mVXfQ7icQTg
Aamer Habib Official;UCFo4frs_LfR9u4bUFa60x9Q
My Country My Ride;UCCTbkU_M11_9cHyAGxiXT1A
MTBbible - Mountain Bike Content;UCyUWvZU-61UUnIQgVWoTAog
