title,id,channel_id,published,viewCount,likeCount,commentCount,duration,duration_clean,engagement
YouTube‚Äôs ultimate DJ b2b with @atrak and friends,O0FivZZvJ_A,UCBR8-60-B28hp2BmDPdntcQ,2024-07-18 14:00:15+00:00,1275198,7944,1204,PT16M5S,16.083333333333332,0.007173787913720066
@SoupTimmy vs @1SkaterGirl33 Face Off in the Ultimate Rubik‚Äôs Cube Trivia Challenge,yyvBqSC4uU8,UCBR8-60-B28hp2BmDPdntcQ,2024-07-12 14:00:56+00:00,1781414,12100,1206,PT6M46S,6.766666666666667,0.007469347383595279
"A Full Day Of Yoga Flows in 30 Minutes with @yogawithadriene, @MalovaElena, and more",BOOfnxHKyOk,UCBR8-60-B28hp2BmDPdntcQ,2024-06-20 14:00:07+00:00,1327234,9685,1185,PT32M47S,32.78333333333333,0.008189964994869028
"@Aphmau, @TommyInnit and friends Celebrate 15 Years of Minecraft Magic",REC8iW1MxPk,UCBR8-60-B28hp2BmDPdntcQ,2024-05-28 13:00:31+00:00,3383095,50440,3784,PT7M34S,7.566666666666666,0.016027927090430508
"The Smallest, Most Teeny Tiny, Miniature Museum Tour by @TheSquaretoSpare",az210VxLulE,UCBR8-60-B28hp2BmDPdntcQ,2024-04-28 14:00:03+00:00,2442435,29733,1340,PT4M58S,4.966666666666667,0.01272213999553724
Mafia Boy Falls In Love With Quiet Girl | Alan‚Äôs Universe,0a-pSKBgc9k,UC5gxP-2QqIh_09djvlm9Xcg,2024-07-14 12:00:07+00:00,9712707,145237,7511,PT17M53S,17.883333333333333,0.015726614629680478
My Girlfriend is a Vampire!? | Alan‚Äôs Universe,nJ1bhFOFJ6Y,UC5gxP-2QqIh_09djvlm9Xcg,2024-06-30 12:00:06+00:00,17750961,184336,7699,PT14M31S,14.516666666666667,0.010818287528207628
I Survived The World‚Äôs Most EVIL Teacher | Alan‚Äôs Universe,PU0B62SzH1w,UC5gxP-2QqIh_09djvlm9Xcg,2024-06-09 12:00:06+00:00,19626311,181019,7267,PT11M56S,11.933333333333334,0.009593550209206407
"‡§á‡§ß‡§∞ ‡§≠‡•Ä ‡§§‡•Ç ‡§â‡§ß‡§∞ ‡§≠‡•Ä ‡§§‡•Ç HD - ‡§Ö‡§™‡§®‡•á ‡§Ö‡§™‡§®‡•á - ‡§ï‡§∞‡§® ‡§∂‡§æ‡§π, ‡§Æ‡§Ç‡§¶‡§æ‡§ï‡§ø‡§®‡•Ä - ‡§Ö‡§Æ‡§ø‡§§ ‡§ï‡•Å‡§Æ‡§æ‡§∞, ‡§Ü‡§∂‡§æ ‡§≠‡•ã‡§∏‡§≤‡•á - Old Is Gold",J5ux0lbwxFM,UCtW7qWjpCZ8zps-Cf2NF26w,2024-07-29 03:30:07+00:00,56156,160,9,PT6M12S,6.2,0.003009473609231427
"‡§∂‡•à‡§∞‡•Ä ‡§Æ‡•á‡§Ç ‡§π‡•ã ‡§ó‡§Ø‡§æ ‡§¶‡•Ä‡§µ‡§æ‡§®‡§æ HD - ‡§µ‡§ø‡§ú‡•á‡§§‡§æ - ‡§∏‡§Ç‡§ú‡§Ø ‡§¶‡§§‡•ç‡§§, ‡§∞‡§µ‡•Ä‡§®‡§æ ‡§ü‡§Ç‡§°‡§® - ‡§ï‡§µ‡§ø‡§§‡§æ ‡§ï‡•É‡§∑‡•ç‡§£‡§Æ‡•Ç‡§∞‡•ç‡§§‡§ø, ‡§Ö‡§≠‡§ø‡§ú‡•Ä‡§§ - Old Is Gold",eXSgejr_2gc,UCtW7qWjpCZ8zps-Cf2NF26w,2024-07-29 02:30:17+00:00,15234,135,17,PT5M16S,5.266666666666667,0.009977681501903637
"‡§π‡•ã ‡§Æ‡•à‡§Ç‡§®‡•á ‡§¶‡§ø‡§≤ ‡§¶‡§ø‡§Ø‡§æ HD - ‡§ú‡§º‡§Æ‡•Ä‡§® ‡§Ü‡§∏‡§Æ‡§æ‡§® - ‡§∏‡§Ç‡§ú‡§Ø ‡§¶‡§§‡•ç‡§§, ‡§Ö‡§®‡•Ä‡§§‡§æ ‡§∞‡§æ‡§ú - ‡§ï‡§ø‡§∂‡•ã‡§∞ ‡§ï‡•Å‡§Æ‡§æ‡§∞, ‡§≤‡§§‡§æ ‡§Æ‡§Ç‡§ó‡•á‡§∂‡§ï‡§∞ - Old Is Gold",MTqRHcTS8gs,UCtW7qWjpCZ8zps-Cf2NF26w,2024-07-28 03:30:10+00:00,34032,251,11,PT5M5S,5.083333333333333,0.007698636577338975
"‡§§‡§§‡•à‡§Ø‡§æ ‡§¨‡•ã‡§≤‡•á ‡§§‡•Ç ‡§§‡•Ç ‡§§‡•Ç HD- ‡§Æ‡•Å‡•ò‡§¶‡•ç‡§¶‡§∞- ‡§Æ‡§ø‡§•‡•Å‡§® ‡§ö‡§ï‡•ç‡§∞‡§µ‡§∞‡•ç‡§§‡•Ä, ‡§Ü‡§Ø‡§∂‡§æ ‡§ú‡•Å‡§≤‡•ç‡§ï‡§æ -‡§∏‡§æ‡§ß‡§®‡§æ ‡§∏‡§∞‡§ó‡§Æ, ‡§µ‡§ø‡§®‡•ã‡§¶ ‡§∞‡§æ‡§†‡•ã‡§°- Old Is Gold",-d__Ck09EyQ,UCtW7qWjpCZ8zps-Cf2NF26w,2024-07-28 02:30:00+00:00,21259,164,12,PT5M21S,5.35,0.00827884660614328
"‡§Ü‡§Ø‡•ã ‡§§‡•Å‡§Æ‡•ç‡§π‡•á‡§Ç ‡§¨‡§§‡§æ‡§Ø‡•á  HD - ‡§î‡§≤‡§æ‡§¶ ‡§ï‡•á ‡§¶‡•Å‡§∂‡•ç‡§Æ‡§® - ‡§Ö‡§∞‡§Æ‡§æ‡§® ‡§ï‡•ã‡§π‡§≤‡•Ä, ‡§Ü‡§Ø‡§∂‡§æ ‡§ú‡•Å‡§≤‡•ç‡§ï‡§æ - ‡§Ö‡§≠‡§ø‡§ú‡•Ä‡§§ ‡§≠‡§ü‡•ç‡§ü‡§æ‡§ö‡§æ‡§∞‡•ç‡§Ø, ‡§ú‡•â‡§≤‡•Ä ‡§Æ‡•Å‡§ñ‡§∞‡•ç‡§ú‡•Ä",myg5FHD9Das,UCtW7qWjpCZ8zps-Cf2NF26w,2024-07-27 03:30:17+00:00,27982,120,6,PT6M49S,6.816666666666666,0.004502894718033021
"‡§Ö‡§¨ ‡§ï‡•á ‡§∏‡§ú‡§® ‡§∏‡§æ‡§µ‡§® ‡§Æ‡•á‡§Ç HD - ‡§ö‡•Å‡§™‡§ï‡•á ‡§ö‡•Å‡§™‡§ï‡•á - ‡§ß‡§∞‡•ç‡§Æ‡•á‡§®‡•ç‡§¶‡•ç‡§∞, ‡§∂‡§∞‡•ç‡§Æ‡§ø‡§≤‡§æ ‡§ü‡•à‡§ó‡•ã‡§∞ - ‡§≤‡§§‡§æ ‡§Æ‡§Ç‡§ó‡•á‡§∂‡§ï‡§∞ - Old Is Gold",4dgl5gzhYbk,UCtW7qWjpCZ8zps-Cf2NF26w,2024-07-26 02:30:03+00:00,59647,370,8,PT4M32S,4.533333333333333,0.006337284356296209
"‡§ï‡§æ‡§≤‡•Ä ‡§ú‡•Å‡§≤‡•ç‡§´‡•á‡§Ç ‡§ó‡•å‡§∞‡•á ‡§ó‡§æ‡§≤ HD-‡§™‡•ç‡§∞‡§§‡§ø‡§ï‡§æ‡§∞ -‡§Ö‡§®‡§ø‡§≤ ‡§ï‡§™‡•Ç‡§∞, ‡§Æ‡§æ‡§ß‡•Å‡§∞‡•Ä ‡§¶‡•Ä‡§ï‡•ç‡§∑‡§ø‡§§ -‡§Æ‡•ã‡§π‡§Æ‡•ç‡§Æ‡§¶ ‡§Ö‡§ú‡§º‡•Ä‡§ú‡§º, ‡§Ü‡§∂‡§æ ‡§≠‡•ã‡§∏‡§≤‡•á -Old Is Gold",7bzWTafgi8U,UCtW7qWjpCZ8zps-Cf2NF26w,2024-07-25 03:30:04+00:00,69691,280,12,PT4M49S,4.816666666666666,0.004189924093498443
"‡§Æ‡§ø‡§§‡§µ‡§æ ‡§∞‡•á ‡§ì ‡§Æ‡§ø‡§§‡§µ‡§æ | Nache Nagin Gali Gali | ‡§Æ‡•Ä‡§®‡§æ‡§ï‡•ç‡§∑‡•Ä ‡§∂‡•á‡§∑‡§æ‡§¶‡•ç‡§∞‡§ø, ‡§®‡§ø‡§§‡•Ä‡§∂ ‡§≠‡§∞‡§¶‡•ç‡§µ‡§æ‡§ú | Sadhana Sargam, Nitin",-Gb5h5KUwrs,UCtW7qWjpCZ8zps-Cf2NF26w,2024-07-25 02:30:00+00:00,133600,669,15,PT5M8S,5.133333333333334,0.0051197604790419165
"‡§¨‡§§‡§æ ‡§¶‡•Ç‡§Å ‡§ï‡•ç‡§Ø‡§æ ‡§≤‡§æ‡§®‡§æ ‡§§‡•Å‡§Æ ‡§≤‡•å‡§ü ‡§ï‡•á | Patthar Ke Sanam | ‡§Æ‡§®‡•ã‡§ú ‡§ï‡•Å‡§Æ‡§æ‡§∞, ‡§µ‡§π‡•Ä‡§¶‡§æ ‡§∞‡§π‡§Æ‡§æ‡§® | Lata Mangeshkar",rUnT06UhtDc,UCtW7qWjpCZ8zps-Cf2NF26w,2024-07-24 02:30:24+00:00,103347,502,13,PT4M31S,4.516666666666667,0.004983211897781261
"‡§¨‡•ã‡§≤ ‡§Æ‡•á‡§∞‡•á ‡§∏‡§æ‡§•‡§ø‡§Ø‡§æ ‡§ï‡§ø‡§§‡§®‡§æ ‡§Æ‡•Å‡§ù‡§∏‡•á ‡§™‡•ç‡§Ø‡§æ‡§∞ ‡§π‡•à HD - ‡§≤‡§≤‡§ï‡§æ‡§∞ - ‡§∞‡§æ‡§ú‡•á‡§Ç‡§¶‡•ç‡§∞ ‡§ï‡•Å‡§Æ‡§æ‡§∞, ‡§Æ‡§æ‡§≤‡§æ ‡§∏‡§ø‡§®‡•ç‡§π‡§æ - ‡§Æ‡•ã‡§π‡§Æ‡•ç‡§Æ‡§¶ ‡§∞‡§´‡§º‡•Ä, ‡§≤‡§§‡§æ",VMo6qqFolB0,UCtW7qWjpCZ8zps-Cf2NF26w,2023-06-30 04:30:17+00:00,626317,4252,183,PT2M46S,2.7666666666666666,0.007081078750856196
‡§™‡§§‡•á ‡§ï‡•Ä ‡§¨‡§æ‡§§ ‡§ï‡§π‡•á‡§ó‡§æ HD - ‡§¶‡•Ä‡§µ‡§æ‡§®‡§æ - ‡§∞‡§æ‡§ú ‡§ï‡§™‡•Ç‡§∞ - ‡§Æ‡•Å‡§ï‡•á‡§∂ - Old Is Gold,MZCTwLuz0O8,UCtW7qWjpCZ8zps-Cf2NF26w,2023-06-02 02:30:06+00:00,12087,145,8,PT4M15S,4.25,0.012658227848101266
"‡§ì ‡§Æ‡•Å‡§Ç‡§ó‡•ú‡§æ ‡§Æ‡•Å‡§Ç‡§ó‡•ú‡§æ HD - ‡§á‡§Ç‡§ï‡§æ‡§∞ - ‡§π‡•á‡§≤‡•á‡§®, ‡§Ö‡§Æ‡§ú‡§¶ ‡§ñ‡§º‡§æ‡§® - ‡§â‡§∑‡§æ ‡§Æ‡§Ç‡§ó‡•á‡§∂‡§ï‡§∞ - Old Is Gold",C7IGHlGHxEU,UCtW7qWjpCZ8zps-Cf2NF26w,2023-03-08 02:30:10+00:00,2649604,6746,102,PT4M10S,4.166666666666667,0.002584537161024817
Yeh Kya Karne Lage Ho | Zeenat Aman | Hemlata | Bombay 405 Miles Song,ePx6kSdzHZ0,UCtW7qWjpCZ8zps-Cf2NF26w,2023-01-05 03:30:08+00:00,15590,130,6,PT4M55S,4.916666666666667,0.008723540731237973
24 horas com Spider Slack,8usd1g-Uc00,UCtiddfzHXNevG-yYe5vc_4Q,2024-06-27 17:31:29+00:00,36186,1321,70,PT6M6S,6.1,0.038440280771569114
Os 20 v√≠deos mais visualizados ( do meu tiktok),ck8KHf95aVY,UCtiddfzHXNevG-yYe5vc_4Q,2024-05-20 11:00:25+00:00,42195,1593,75,PT12M43S,12.716666666666669,0.039530750088873086
Mr Beans Inventive Morning Routine... | Mr Bean Live Action | Funny Clips | Mr Bean,BHaPQMcV7Tk,UCkAGrHCLFmlK3H2kd6isipg,2024-07-28 13:00:09+00:00,98821,1360,64,PT45M13S,45.21666666666667,0.014409892634156707
Queen's Corgis Steal Teddy! | Mr Bean Animated Season 1 | Full Episodes | Mr Bean Official,ZfipLOtcx6o,UCkAGrHCLFmlK3H2kd6isipg,2024-07-28 10:00:34+00:00,94655,769,34,PT53M48S,53.8,0.008483439860546194
Grandpa Bean And Mrs Wicket's Day Out! | Mr Bean Animated Season 3 | Full Episodes | Mr Bean,1mT9bFra1FI,UCkAGrHCLFmlK3H2kd6isipg,2024-07-27 13:00:02+00:00,183627,1492,74,PT58M7S,58.11666666666667,0.00852815762387884
Disaster Strikes At Local Swimming Pool! | Mr Bean Live Action | Full Episodes | Mr Bean,FZoofVvPUC8,UCkAGrHCLFmlK3H2kd6isipg,2024-07-26 13:00:19+00:00,576943,2299,81,PT1H12M32S,72.53333333333333,0.004125190876741723
Mr Beans Haunted House Horrors! | Mr Bean Animated Season 3 | Funny Clips | Mr Bean,kSeZC6lxIGs,UCkAGrHCLFmlK3H2kd6isipg,2024-07-24 13:00:47+00:00,241790,1583,68,PT26M6S,26.1,0.006828239381281277
Bean At A Magic Show! | Mr Bean Live Action | Funny Clips | Mr Bean,SDQf2Jn9jW8,UCkAGrHCLFmlK3H2kd6isipg,2024-07-23 13:00:25+00:00,153095,1345,54,PT28M46S,28.766666666666666,0.00913811685554721
The Disappointing Roller-coaster Ride! | Mr Bean Live action | Funny Clips | Mr Bean,fE1pnsXV8iM,UCkAGrHCLFmlK3H2kd6isipg,2023-06-06 13:00:28+00:00,154316,1413,60,PT46M41S,46.68333333333333,0.009545348505663702
Ouch! Police car is hurt | Car Hospital | Cars Rescue Song | Pinkfong Car Story,jfOhNiGgteI,UCcdwLMPsaU2ezNSJU1nFoBQ,2024-07-27 23:00:22+00:00,255408,780,0,PT27M42S,27.7,0.003053937229844014
Hotü•µ vs Coldü•∂ Challenge with Sammy | Super Solver Sammy | Pinkfong Baby Shark Kids Song,E9eYikxMmGM,UCcdwLMPsaU2ezNSJU1nFoBQ,2024-07-25 23:00:09+00:00,1007231,1357,0,PT5M51S,5.85,0.001347257977564233
Baby Shark Toy Car Compilation | Rescue William + more |  Car Songs | Pinkfong Baby Shark,GmAEvSfYBf8,UCcdwLMPsaU2ezNSJU1nFoBQ,2023-02-22 23:00:12+00:00,33077572,57125,0,PT46M3S,46.05,0.0017270010023710326
Rajshri Was About To Shut Down | Nadiya Ke Paar Was Like God | Sadhna Singh | Sachin Pilgaonkar,DIhGM_nkyjg,UCEKWXRsfUHkan-D_ljU8Asw,2023-06-17 14:00:09+00:00,151757,1549,178,PT15M45S,15.75,0.011380035187833181
My First Shot Was With Madhuri Dixit | Dilip Joshi | Salman Khan | Hum Aapke Hain Koun,fWy4sszRdz8,UCEKWXRsfUHkan-D_ljU8Asw,2023-05-20 13:30:23+00:00,866639,9807,255,PT21M56S,21.933333333333334,0.011610370638755006
Anil Kapoor Aur Kajol Ke Beech Hua Bada Jhagda | Satish Kaushik | Hum Aapke Dil Mein Rehte Hain,wbvDmbDg3is,UCEKWXRsfUHkan-D_ljU8Asw,2023-05-12 10:30:15+00:00,13177,96,0,PT13M8S,13.133333333333333,0.007285421567883433
Kareena Kapoor And Abhishek Bachchan Used To Fight | Himani Shivpuri | Salman Khan | Madhuri Dixit,T3-6z0eRyXY,UCEKWXRsfUHkan-D_ljU8Asw,2023-03-04 13:30:08+00:00,165988,1281,45,PT30M1S,30.016666666666666,0.007988529291274069
Satish Shah Talks About His Experience Working With Salman And Madhuri | Hum Aapke Hain Koun | HSSH,IeT_hxXZ6lc,UCEKWXRsfUHkan-D_ljU8Asw,2023-02-04 13:30:10+00:00,278434,3121,187,PT25M5S,25.08333333333333,0.011880732956463651
Kumar Sanu Talks About His Favourite Song | Hum Aapke Hain Koun | Hum Saath Saath Hain,ayS7alUMzv0,UCEKWXRsfUHkan-D_ljU8Asw,2023-01-28 13:30:01+00:00,124801,2427,160,PT17M24S,17.4,0.020729000568905698
Breakup Ke Baad Boyfriend Ne Liya Aisa Badla | Suzanna Mukherjee | Anshuman Jha | Mona Darling,GsjxpNu6efg,UCEKWXRsfUHkan-D_ljU8Asw,2023-01-11 10:30:02+00:00,6641,45,4,PT16M42S,16.7,0.007378406866435778
Best Summer Adventures ‚òÄÔ∏è Talking Tom Shorts Compilation,wWjywJY07Bc,UCm3hAp1m1xlAz0ve_EKAo4g,2024-07-25 13:01:02+00:00,121242,421,0,PT54M59S,54.98333333333333,0.0034723940548654756
The Flashlight Game üî¶üåà Talking Tom & Friends | Animated Cartoons,Xq36e93g2Mw,UCm3hAp1m1xlAz0ve_EKAo4g,2024-07-23 13:00:30+00:00,90988,327,0,PT8M38S,8.633333333333333,0.0035938805117158306
Summer of Sports üèÜ Talking Tom Shorts Compilation,Yn9N5nrdBjk,UCm3hAp1m1xlAz0ve_EKAo4g,2024-07-20 13:00:35+00:00,110594,450,0,PT30M28S,30.466666666666665,0.004068936832016204
NEW EPISODE! How To Get Close To Animals üêíüêò Talking Hank's Adventure Guide: Island Living,SsQW_t95zUE,UCm3hAp1m1xlAz0ve_EKAo4g,2024-07-18 13:00:06+00:00,3337358,140033,0,PT3M36S,3.6,0.04195923841553708
The Winning Ticket üéüÔ∏è Talking Tom Shorts (S3 Episode 16),fGAhSs4b0qA,UCm3hAp1m1xlAz0ve_EKAo4g,2024-07-11 13:00:07+00:00,874127,3508,0,PT28M30S,28.5,0.0040131468310668815
üèùÔ∏è Crazy Island Food üçç My Talking Hank: Islands Gameplay,aiWhJsSkq2s,UCm3hAp1m1xlAz0ve_EKAo4g,2024-07-07 10:41:24+00:00,430466,858,0,PT1M22S,1.3666666666666667,0.001993188776813964
üèùÔ∏è Let's Explore the Island! üèùÔ∏è My Talking Hank: Islands Gameplay,6O2ClOzRVis,UCm3hAp1m1xlAz0ve_EKAo4g,2024-07-06 12:52:22+00:00,515464,749,0,PT1M39S,1.65,0.0014530597675104372
üèùÔ∏è The Adventure Begins! üéâ My Talking Hank: Islands (Official Launch Trailer),5G955tYbXGw,UCm3hAp1m1xlAz0ve_EKAo4g,2024-07-04 09:53:09+00:00,1372272,1703,0,PT1M10S,1.1666666666666667,0.001241007613650938
TOP Season 2 Moments! üéâ Talking Tom Shorts Compilation,uXah2esGDsM,UCm3hAp1m1xlAz0ve_EKAo4g,2024-06-29 13:01:02+00:00,254681,741,0,PT28M27S,28.45,0.0029095221080488926
How To Make A Campfire üî•‚õ∫Ô∏è Talking Hank's Adventure Guide: Island Living,rSUW8B3IFWo,UCm3hAp1m1xlAz0ve_EKAo4g,2024-06-26 22:00:27+00:00,9894689,1761,0,PT3M34S,3.5666666666666664,0.00017797426477982278
Mega Treehouse üõ†Ô∏è Talking Tom Shorts (S3 Episode 15),seqpPgxQpiw,UCm3hAp1m1xlAz0ve_EKAo4g,2024-06-20 13:00:07+00:00,12239551,47991,0,PT28M45S,28.75,0.003920977166564362
Season 2 Mini Marathon üì∫üçø Talking Tom Shorts Compilation,3-W6wqhzR9A,UCm3hAp1m1xlAz0ve_EKAo4g,2024-06-15 13:00:03+00:00,174226,605,0,PT57M32S,57.53333333333333,0.0034725012340293643
Island fun with Hank ü§£üèùÔ∏è Cartoon Trailer Compilation,dIO9lRPdJ4Y,UCm3hAp1m1xlAz0ve_EKAo4g,2024-06-13 13:00:43+00:00,420977,1509,0,PT5M9S,5.15,0.0035845188692018803
Season 2 ULTRA MARATHON (all episodes) üéâ Talking Tom Shorts Compilation,e3bdga7mX-s,UCm3hAp1m1xlAz0ve_EKAo4g,2024-06-06 13:00:38+00:00,250286,748,0,PT2H54M26S,174.43333333333334,0.0029885810632636262
Time Freeze ‚èØÔ∏è Talking Tom Shorts (S3 Episode 14),LZVFmvGcfn4,UCm3hAp1m1xlAz0ve_EKAo4g,2024-05-30 13:00:06+00:00,1701784,6433,0,PT28M33S,28.55,0.0037801507124288394
Hank and His Friends!  üíû Talking Tom Shorts Compilation,HABrMTR468A,UCm3hAp1m1xlAz0ve_EKAo4g,2024-05-25 13:00:15+00:00,1370327,4036,0,PT1H27M16S,87.26666666666667,0.002945282403397145
Little Troublemakers ü§£ Talking Tom & Friends | Animated Cartoons,OTN6WBhCOq8,UCm3hAp1m1xlAz0ve_EKAo4g,2024-05-14 13:00:30+00:00,414575,983,0,PT9M31S,9.516666666666667,0.002371102936742447
Crazy Cotton Candy üòã Talking Tom Shorts (S3 Episode 13),OT1V5OoY7cs,UCm3hAp1m1xlAz0ve_EKAo4g,2024-05-09 13:00:31+00:00,7602581,28664,0,PT28M24S,28.4,0.0037702985341425497
MEGA PACK Season 2 üôå Talking Tom Shorts Cartoon Collection,-ZB6TzsVlaM,UCm3hAp1m1xlAz0ve_EKAo4g,2024-04-23 13:21:48+00:00,278915,601,0,PT5H13M50S,313.8333333333333,0.002154778337486331
Picnic Gone Wrong! üß∫ Talking Tom Shorts (S3 Episode 12),8SHsSIAF5s4,UCm3hAp1m1xlAz0ve_EKAo4g,2024-04-18 13:00:06+00:00,1509430,5872,0,PT28M22S,28.366666666666667,0.003890210211801806
Life on the Road üöô Talking Tom Shorts Compilation,7-Np73VJU4U,UCm3hAp1m1xlAz0ve_EKAo4g,2024-04-13 13:00:04+00:00,627142,1256,0,PT45M2S,45.03333333333333,0.0020027362224185274
Outdoor Adventures ‚òòÔ∏èüêû Talking Tom Shorts Compilation,aFSBbbsW9y8,UCm3hAp1m1xlAz0ve_EKAo4g,2024-04-11 13:00:01+00:00,805718,2086,0,PT53M55S,53.91666666666666,0.002588995157114524
The Pets are SO FUNNY! ü§£ Talking Tom & Friends | Fun Cartoon Collection,OWGI5swkcOg,UCm3hAp1m1xlAz0ve_EKAo4g,2024-04-11 11:11:33+00:00,486787,1355,0,PT4H45M21S,285.35,0.002783558311951634
Holi Returns | Ashish chanchlani,LxLf3G00DyM,UC7eHZXheF8nVOfwB2PEslMw,2023-03-06 12:57:04+00:00,43106975,2467415,79444,PT22M28S,22.466666666666665,0.05908229468664874
Sasta Biig Bosss 2 | Parody | Ashish Chanchlani,Tr8AS-a4AOc,UC7eHZXheF8nVOfwB2PEslMw,2023-02-13 07:40:01+00:00,38892989,2131649,76163,PT43M37S,43.61666666666667,0.0567663236168349
"50 YouTubers Fight For $1,000,000",4SNThp0YiU4,UCX6OQ3DkcsbYNE6H8uQQuVA,2024-07-13 16:00:01+00:00,214766636,8258488,378401,PT41M27S,41.45,0.0402152269126197
I Built 100 Houses And Gave Them Away!,KkCXLABwHP0,UCX6OQ3DkcsbYNE6H8uQQuVA,2024-06-29 16:00:00+00:00,111986230,6742593,271816,PT9M36S,9.6,0.06263635270157769
World‚Äôs Deadliest Obstacle Course!,PWirijQkH4M,UCX6OQ3DkcsbYNE6H8uQQuVA,2024-06-15 16:00:01+00:00,186974592,5767222,157294,PT28M25S,28.416666666666668,0.03168620900106042
"$10,000 Every Day You Survive In The Wilderness",U_LlX4t0A9I,UCX6OQ3DkcsbYNE6H8uQQuVA,2024-06-01 16:00:00+00:00,176440235,7119459,347308,PT26M10S,26.166666666666668,0.04231895859807713
"Protect The Yacht, Keep It!",F6PqxbvOCUI,UCX6OQ3DkcsbYNE6H8uQQuVA,2024-05-11 16:00:00+00:00,118530191,3840122,93350,PT15M8S,15.133333333333333,0.033185401683862976
In 10 Minutes This Room Will Explode!,Pv0iVoSZzN8,UCX6OQ3DkcsbYNE6H8uQQuVA,2024-04-27 16:00:00+00:00,116020029,3897717,92002,PT10M,10.0,0.034388191714725395
"Ages 1 - 100 Decide Who Wins $250,000",l-nMKJ5J3Uc,UCX6OQ3DkcsbYNE6H8uQQuVA,2024-04-20 15:59:59+00:00,209086582,5578654,228231,PT40M2S,40.03333333333333,0.027772633444263773
7 Days Stranded On An Island,erLbbextvlY,UCX6OQ3DkcsbYNE6H8uQQuVA,2024-03-30 16:00:01+00:00,210519380,6047763,153997,PT22M26S,22.433333333333334,0.029459330537644563
"Protect The Lamborghini, Keep It!",mKdjycj-7eE,UCX6OQ3DkcsbYNE6H8uQQuVA,2024-03-16 16:00:00+00:00,154603079,4772911,133885,PT19M1S,19.016666666666666,0.0317380225008326
I Survived 7 Days In An Abandoned City,tWYsfOSY9vY,UCX6OQ3DkcsbYNE6H8uQQuVA,2024-03-02 17:00:00+00:00,204015395,5858338,212088,PT17M24S,17.4,0.02975474473384717
"Face Your Biggest Fear To Win $800,000",KOEfDvr4DcQ,UCX6OQ3DkcsbYNE6H8uQQuVA,2024-02-10 17:00:00+00:00,246988327,5794460,237973,PT22M3S,22.05,0.024423959922608002
"$1 vs $250,000,000 Private Island!",krsBRQbOPQ4,UCX6OQ3DkcsbYNE6H8uQQuVA,2024-01-27 17:00:00+00:00,211703300,5236054,107510,PT16M59S,16.983333333333334,0.02524081580211551
"Protect $500,000 Keep It!",7ESeQBeikKs,UCX6OQ3DkcsbYNE6H8uQQuVA,2024-01-13 17:00:00+00:00,141327539,4464125,78033,PT15M34S,15.566666666666666,0.03213922800990683
I Spent 7 Days In Solitary Confinement,K_CbgLpvH9E,UCX6OQ3DkcsbYNE6H8uQQuVA,2023-12-30 17:00:03+00:00,174770060,4796612,85685,PT20M16S,20.266666666666666,0.027935545710747023
I Saved 100 Dogs From Dying,lOKASgtr6kU,UCX6OQ3DkcsbYNE6H8uQQuVA,2023-12-23 17:00:00+00:00,214860505,5746889,106727,PT15M3S,15.05,0.027243797085927914
"Survive 100 Days Trapped, Win $500,000",9RhWXPcKBI8,UCX6OQ3DkcsbYNE6H8uQQuVA,2023-12-16 17:00:01+00:00,274037041,6002383,97079,PT27M8S,27.133333333333333,0.02225780127293084
"$10,000 Every Day You Survive In A Grocery Store",tnTPaLOaHz8,UCX6OQ3DkcsbYNE6H8uQQuVA,2023-12-02 17:00:00+00:00,290872328,6199826,87917,PT21M32S,21.53333333333333,0.021616848337666552
"$1 vs $10,000,000 Job!",Wdjh81uH6FU,UCX6OQ3DkcsbYNE6H8uQQuVA,2023-11-25 17:00:00+00:00,192934083,4356785,66872,PT15M39S,15.65,0.022928333507563823
I Spent 7 Days Buried Alive,7dYTw-jAYkY,UCX6OQ3DkcsbYNE6H8uQQuVA,2023-11-18 17:00:01+00:00,183213060,6559887,115194,PT18M34S,18.566666666666663,0.0364334343850815
I Built 100 Wells In Africa,mwKJfNYwvm8,UCX6OQ3DkcsbYNE6H8uQQuVA,2023-11-04 16:00:00+00:00,197932263,10012503,222388,PT10M30S,10.5,0.05170905866922766
World‚Äôs Deadliest Laser Maze!,QjvpjXdgugA,UCX6OQ3DkcsbYNE6H8uQQuVA,2023-10-28 15:59:59+00:00,209532084,4485196,89487,PT25M59S,25.98333333333333,0.02183285209915633
"$1 vs $100,000,000 House!",3ryID_SwU5E,UCX6OQ3DkcsbYNE6H8uQQuVA,2023-10-14 16:00:00+00:00,259770278,5663197,139500,PT17M3S,17.05,0.02233780186353729
World's Most Dangerous Trap!,3OFj6l2tQ9s,UCX6OQ3DkcsbYNE6H8uQQuVA,2023-10-07 16:00:00+00:00,244841136,6275956,160736,PT19M34S,19.566666666666663,0.026289258844151092
What happens if TikTok is BANNED,U-38z5yMQ2A,UCq8DICunczvLuJJq414110A,2024-04-30 12:51:16+00:00,2416661,73575,1742,PT3M40S,3.6666666666666665,0.03116572825067314
üî¥ LIVE üêªüëß Masha y el Oso 2024 üòé Listos para todo üé¨ Masha and the Bear,W01Czy3Qcu8,UCuSo4gcgxJRf4Bzu43wwVyg,2024-07-28 00:29:13+00:00,1815479,6668,0,PT10H59M9S,659.15,0.003672859889869285
Masha y el Oso üòé‚≠ê Segunda temporada: todos los cap√≠tulos üë∂ Dibujos animados üé¨ Masha and the Bear,kpkCYej7NTU,UCuSo4gcgxJRf4Bzu43wwVyg,2024-07-26 13:00:54+00:00,3693515,3852,0,PT2H44M14S,164.23333333333332,0.0010429089904873813
üî¥ LIVE üêªüëß Masha y el Oso 2024 üéÆüé∂ Todo en pausa üé¨ Masha and the Bear,ny32Q7UbTSc,UCuSo4gcgxJRf4Bzu43wwVyg,2024-07-26 00:32:20+00:00,756840,2452,0,PT10H59M3S,659.05,0.0032397864806299878
Masha y el Oso üéâüèÜ ¬°Que comienceel juego!  ü•∞ü§ó Dibujos animados üé¨ Masha and the Bear,WNTEfU9Te1I,UCuSo4gcgxJRf4Bzu43wwVyg,2024-07-23 13:00:35+00:00,2669272,3844,0,PT1H6M47S,66.78333333333333,0.001440093029110559
üî¥ LIVE üêªüëß Masha y el Oso üí• NUEVO CAP√çTULO üçØüêù D√≠a de Miel üé¨ Masha and the Bear,_uyPZ0b4lcU,UCuSo4gcgxJRf4Bzu43wwVyg,2024-07-23 00:28:27+00:00,1391766,2936,0,PT10H58M12S,658.2,0.002109550024932352
Masha y el Oso üí• NUEVO CAP√çTULO 2024 üí•  D√≠a de Miel üçØüêù (Cap√≠tulo 83) üí• Videos para ni√±os,PnJPD6qQ098,UCuSo4gcgxJRf4Bzu43wwVyg,2024-07-19 13:00:07+00:00,2128556,8209,0,PT13M53S,13.883333333333333,0.0038566051351244693
üî¥ LIVE üêªüëß Masha y el Oso 2024 üë∂üë£ Fin de semana con Masha üé¨ Masha and the Bear,MRrFDuYEtSg,UCuSo4gcgxJRf4Bzu43wwVyg,2024-07-14 00:33:26+00:00,1168299,3034,0,PT10H59M8S,659.1333333333333,0.002596937941400275
Masha y el Oso üë±‚Äç‚ôÄÔ∏èüêª Nuevo cap√≠tulo üë∂üë£ De tal madre tal hija  üé¨ –°olecci√≥n,CCNLpu-S5CU,UCuSo4gcgxJRf4Bzu43wwVyg,2024-07-09 13:00:11+00:00,4898624,9204,0,PT1H4M59S,64.98333333333333,0.0018788949713225592
Masha y el Oso ü§™üë£ ¬øQui√©n est√° al mando? üí™üêª Dibujos animados üé¨ Masha and the Bear,6DNed_kWZkc,UCuSo4gcgxJRf4Bzu43wwVyg,2024-07-02 13:00:06+00:00,3708202,9250,0,PT1H6M9S,66.15,0.002494470365961725
Masha y el Oso ‚≠êMEGA colecci√≥n‚≠êColecci√≥n familiar ü§óü•∞ Dibujos animados üé¨ Masha and the Bear,cy4KznAQDgE,UCuSo4gcgxJRf4Bzu43wwVyg,2024-06-21 13:00:40+00:00,5012205,4766,0,PT2H14M9S,134.15,0.0009508789045938863
Masha y el Oso üí• NUEVO CAP√çTULO 2024 üí• Int√©ntalo de nuevo üí™üêí (Cap√≠tulo 98) üí• Videos para ni√±os,vUcqOBw4Deo,UCuSo4gcgxJRf4Bzu43wwVyg,2024-06-07 13:01:02+00:00,1752335,5216,0,PT13M23S,13.383333333333333,0.002976599793989163
Masha y el Oso üòé‚≠ê Tercera temporada: todos los cap√≠tulos üë∂ Dibujos animados üé¨ Masha and the Bear,n6u9K0FQLIA,UCuSo4gcgxJRf4Bzu43wwVyg,2024-05-31 13:00:53+00:00,9415444,9334,0,PT2H37M41S,157.68333333333334,0.0009913499565182482
üî¥ LIVE üêªüëß Masha y el Oso 2024 ü§óü•∞ Mejores momentos üé¨ Masha and the Bear,RJNjztabGQw,UCuSo4gcgxJRf4Bzu43wwVyg,2024-05-12 00:32:22+00:00,3484426,12353,0,PT10H58M18S,658.3,0.0035452037150451752
Masha y el Oso üí• NUEVO CAP√çTULO 2024 üí• Piensa diferente üå†üòÆ (Cap√≠tulo 109),j7X7Zdw-VkQ,UCuSo4gcgxJRf4Bzu43wwVyg,2024-04-26 13:00:08+00:00,9736538,28560,0,PT14M51S,14.85,0.0029332808026836642
Masha y el Oso üë±‚Äç‚ôÄÔ∏èüêª Nuevo cap√≠tulo üéâ‚öΩÔ∏è Solo se necesita un gol üé¨ –°olecci√≥n üòé,3HgrUwC8Cks,UCuSo4gcgxJRf4Bzu43wwVyg,2024-04-16 13:00:03+00:00,9778658,18316,0,PT1H8M4S,68.06666666666666,0.0018730586548788189
Masha y el Oso üêªüë±‚Äç‚ôÄÔ∏è Ya no es un beb√© üê§üë∂ Dibujos animados 2023 üé¨ü§ó Masha and the Bear,oSx7yTq6cDI,UCuSo4gcgxJRf4Bzu43wwVyg,2023-11-28 13:47:39+00:00,17337856,60519,0,PT34M46S,34.766666666666666,0.0034905699989664237
Masha y el Oso üêªüë±‚Äç‚ôÄÔ∏è ¬øC√≥mo funciona?ü•ºüî¨ Dibujos animados 2023 üé¨ü•∞ Masha and the Bear,r1ZY72Iw67k,UCuSo4gcgxJRf4Bzu43wwVyg,2023-06-30 13:00:41+00:00,2037619,6414,0,PT32M8S,32.13333333333333,0.0031477916136431784
Masha y el Oso üêªüëß La Excursi√≥n üèïÔ∏è –°olecci√≥n 44 üé¨ 30 min üòÑ Dibujos animados,uTxiDC3wwL0,UCuSo4gcgxJRf4Bzu43wwVyg,2023-06-27 13:00:29+00:00,7508794,27768,0,PT34M40S,34.666666666666664,0.003698063896812191
Masha y el Oso: Cortos üëßüêª Nuevo cap√≠tulo üí• P√≠cnic üî• (Cap√≠tulo 31),napV3coIuI8,UCuSo4gcgxJRf4Bzu43wwVyg,2023-06-18 13:00:27+00:00,2288130,4832,0,PT2M41S,2.6833333333333336,0.0021117681250628242
üî¥ LIVE üêªüëß Masha y el Oso 2023 üò≤üòé Puedes manejarlo f√°cil üé¨ Masha and the Bear,uj4mAwGkZ0s,UCuSo4gcgxJRf4Bzu43wwVyg,2023-06-16 00:41:02+00:00,2295186,5351,0,PT10H55M41S,655.6833333333333,0.002331401463759364
üî¥ LIVE üêªüëß Masha y el Oso 2023 üåèüì∑ La aventura nos espera üé¨ Masha and the Bear,7v88mqf9-UY,UCuSo4gcgxJRf4Bzu43wwVyg,2023-05-26 00:45:26+00:00,1232889,4542,0,PT10H58M48S,658.8,0.0036840299491681734
Masha y el Oso: Cortos üëßüêª Nuevo cap√≠tulo üí• Nadar con estilo ü§øüèä (Cap√≠tulo 25) Masha and the Bear,Mt2CZmPkVFg,UCuSo4gcgxJRf4Bzu43wwVyg,2023-05-21 13:00:23+00:00,2707188,3713,0,PT2M34S,2.5666666666666664,0.0013715338572718259
üî¥ LIVE üêªüëß Masha y el Oso 2023üå∫üïµÔ∏è‚Äç‚ôÄÔ∏èNuevo logroüé¨ Masha and the Bear,Lls7tN1HGik,UCuSo4gcgxJRf4Bzu43wwVyg,2023-05-21 00:53:35+00:00,808861,2795,0,PT10H56M,656.0,0.003455476280844298
Funny TikTok Pranks You Need To Try,OGTnlDwXWHo,UCpB959t8iPrxQWj7G6n0ctQ,2024-07-28 19:27:30+00:00,737286,19186,1718,PT14M12S,14.2,0.02835263384900839
Cool Things You've Never Seen Before,z9qiByXX1rc,UCpB959t8iPrxQWj7G6n0ctQ,2024-07-27 18:10:00+00:00,696497,15570,1720,PT10M33S,10.55,0.024824227527182458
Karens Who Went Too Far,NqakBFsaFWw,UCpB959t8iPrxQWj7G6n0ctQ,2024-07-26 18:55:41+00:00,762392,19631,2062,PT13M54S,13.9,0.028453866252531507
TikToks That Will Unlock New Fears,Sp6MonVBz6w,UCpB959t8iPrxQWj7G6n0ctQ,2024-07-26 00:45:19+00:00,616313,16160,2269,PT10M44S,10.733333333333333,0.029902014074017585
Creative People On Another Level,YZfRWDsaZZU,UCpB959t8iPrxQWj7G6n0ctQ,2023-06-18 17:12:58+00:00,2379410,44299,2234,PT9M24S,9.4,0.019556528719304366
Weird Beds That Aren't Just For Sleeping,Gv67HCxSyOY,UCpB959t8iPrxQWj7G6n0ctQ,2023-03-30 19:03:00+00:00,3389909,65168,2744,PT8M11S,8.183333333333334,0.02003357612254488
Dumb Ways To Di3 TikToks,jyjhnaNJHL8,UCpB959t8iPrxQWj7G6n0ctQ,2023-02-10 21:17:39+00:00,3613197,72206,3620,PT8M13S,8.216666666666667,0.020985847159731397
Spoiled Kid Takes Moms Credit Card,1a0BV6EwRSI,UCpB959t8iPrxQWj7G6n0ctQ,2023-01-30 21:30:00+00:00,4321176,68203,4174,PT14M37S,14.616666666666667,0.016749375632929553
CRAZIEST Sagawa1gou Funny TikTok Compilation | Try Not To Laugh Watching Cactus Dance Challenge 2024,hvimw6tSx8M,UCWaOde99oeUVoXbIj3SNu9g,2024-07-27 11:00:44+00:00,264267,1883,83,PT2H29M24S,149.4,0.007439445712101776
CRAZIEST Sagawa1gou Funny TikTok Compilation | Try Not To Laugh Watching Cactus Dance Challenge 2024,p9dhGtEubSA,UCWaOde99oeUVoXbIj3SNu9g,2024-07-26 11:00:55+00:00,175712,2256,83,PT54M12S,54.2,0.013311555272263704
CRAZIEST Sagawa1gou Funny TikTok Compilation | Try Not To Laugh Watching Cactus Dance Challenge 2024,nZ_ol8QSjko,UCWaOde99oeUVoXbIj3SNu9g,2024-07-25 13:00:54+00:00,367664,5015,81,PT48M59S,48.98333333333333,0.01386048130902128
CRAZIEST Sagawa1gou Funny TikTok Compilation | Try Not To Laugh Watching Cactus Dance Challenge 2024,UJYYndGRe08,UCWaOde99oeUVoXbIj3SNu9g,2024-07-25 11:00:24+00:00,155614,930,51,PT41M18S,41.3,0.006304060046011284
CRAZIEST Sagawa1gou Funny TikTok Compilation | Try Not To Laugh Watching Cactus Dance Challenge 2024,0MXH4Anqjvs,UCWaOde99oeUVoXbIj3SNu9g,2024-07-24 11:00:00+00:00,461479,2641,71,PT2H28M25S,148.41666666666666,0.005876757122209244
CRAZIEST Sagawa1gou Funny TikTok Compilation | Try Not To Laugh Watching Cactus Dance Challenge 2024,GFNQOX0NAbk,UCWaOde99oeUVoXbIj3SNu9g,2024-07-22 11:00:14+00:00,422942,2462,78,PT40M18S,40.3,0.0060055515886339025
CRAZIEST Sagawa1gou Funny TikTok Compilation | Try Not To Laugh Watching Cactus Dance Challenge 2024,iy36jGJMhGM,UCWaOde99oeUVoXbIj3SNu9g,2024-07-21 12:00:41+00:00,2463626,13572,102,PT1H18M20S,78.33333333333333,0.0055503554516797594
Best TikTok video by LeoNata family ü§©üëçüèªü•∞,bzabxPNc2EA,UCMsPm8-25ygqRrRe9_s1WFw,2024-07-28 17:00:31+00:00,76582,520,11,PT20M3S,20.05,0.006933744221879815
Best video by LeoNata family ü•∞ü§© TikTok Shorts,Ci1MDmE7xio,UCMsPm8-25ygqRrRe9_s1WFw,2024-07-21 17:00:11+00:00,81056,577,16,PT20M8S,20.133333333333333,0.007315929727595736
World Cup Ki Chori Aur CID | Ayushakti Hair Oil | Take A Break,_qgtqe7dkYs,UCzIciQA6KlhGCZFByEo2wFQ,2024-07-28 04:35:08+00:00,697341,28478,1460,PT19M59S,19.98333333333333,0.0429316503690447
Family Planning | Sahaparivaar | EP-05 | A Family Mockumentary Drama | Take A Break,_tpr-oE80pk,UCzIciQA6KlhGCZFByEo2wFQ,2024-07-21 03:30:16+00:00,652472,23652,684,PT12M27S,12.45,0.03729815225787467
Masiha Simha - Every South Indian Mass Movie Ever | Take A Break,f7h2VJuValM,UCzIciQA6KlhGCZFByEo2wFQ,2024-07-14 03:34:18+00:00,963084,46667,3872,PT21M55S,21.916666666666668,0.05247621183614306
Indian Family and Foreigner  | Take A Break x @BhaDiPa,NLQVyUSYk-o,UCzIciQA6KlhGCZFByEo2wFQ,2024-06-30 03:30:07+00:00,1819063,54408,1622,PT20M18S,20.3,0.030801572018121417
Tarak Mehra Ka Seedha Chashmah | Take A Break,dYln2i1mnvU,UCzIciQA6KlhGCZFByEo2wFQ,2024-06-16 03:30:27+00:00,8241038,209860,10213,PT13M14S,13.233333333333333,0.02670452435724723
A Day at Reality Show Set üì∫ | Take A Break,EZwYqSvQpWw,UCzIciQA6KlhGCZFByEo2wFQ,2024-06-02 03:30:04+00:00,2097140,64383,2554,PT19M8S,19.133333333333333,0.031918231496228196
Parents & Goa Trip Ki Permission - A Courtroom Drama | Baat Ka Batangad - E02 | Take A Break,1wOyCfybLdg,UCzIciQA6KlhGCZFByEo2wFQ,2024-05-19 03:30:01+00:00,1855704,62080,1696,PT19M11S,19.183333333333334,0.03436754999719783
Ajab Duniya ki Ghazab Kahani | Take A Break,KKAscWCrkOo,UCzIciQA6KlhGCZFByEo2wFQ,2024-05-05 03:30:07+00:00,915928,24459,1006,PT5M33S,5.55,0.027802403682385516
A Day at TV Serial Set üì∫ | Take A Break,p9snqhal0MA,UCzIciQA6KlhGCZFByEo2wFQ,2024-04-21 03:30:16+00:00,3209039,75173,2221,PT13M2S,13.033333333333331,0.02411750059753091
Mission ‡§®‡§à ‡§Æ‡§æ‡§Å | Sahaparivar | EP-04 | A Family Mockumentary Drama | Take A Break,e6Xp-7xE5l8,UCzIciQA6KlhGCZFByEo2wFQ,2024-04-07 03:30:13+00:00,1573996,35824,1098,PT12M2S,12.033333333333331,0.023457492903412716
Hall Ticket | Episode 3 - Result ka Din | Mini Series | Take A Break,1HO7A4pLN-Q,UCzIciQA6KlhGCZFByEo2wFQ,2024-03-24 03:30:01+00:00,1475168,61422,2972,PT13M48S,13.8,0.04365197726631814
Hall Ticket | Episode 2 - Antim Pariksha | Mini Series | Take A Break,FVD6CQ_Ho9U,UCzIciQA6KlhGCZFByEo2wFQ,2024-03-17 03:30:06+00:00,1715647,59387,2629,PT19M6S,19.1,0.0361472960346738
"Hall Ticket | Episode 1 - Planning, Preparation aur Pressure | Mini Series | Take A Break",VT07kIO4Tlc,UCzIciQA6KlhGCZFByEo2wFQ,2024-03-10 03:30:10+00:00,2576619,85540,2014,PT20M2S,20.03333333333333,0.03398018876675209
Hall Ticket - Mini Series | Official Trailer | All Episodes Out Now | Take A Break,9VTFnRtG2WI,UCzIciQA6KlhGCZFByEo2wFQ,2024-03-03 03:30:05+00:00,718443,18180,609,PT1M54S,1.9,0.026152387872106764
Big Announcement ü§©ü§©ü§©!!!!,MpNkG3EB6hQ,UCzIciQA6KlhGCZFByEo2wFQ,2024-03-02 00:03:48+00:00,154359,5861,425,PT27M50S,27.83333333333333,0.040723249049294176
People and OHO Rooms | Take A Break,9YUC6ljvfu4,UCzIciQA6KlhGCZFByEo2wFQ,2024-02-18 03:30:03+00:00,2381749,52152,663,PT8M12S,8.2,0.02217488072840589
"Red Flag or Green Flag - Figuring out ""True Love"" | Valentine's Day Special | Take A Break",8IiTlv5dvIk,UCzIciQA6KlhGCZFByEo2wFQ,2024-02-04 03:30:05+00:00,980966,32662,803,PT11M16S,11.266666666666667,0.03411433219907724
Indians and Street Food | Take A Break,fyuZLg_wvnw,UCzIciQA6KlhGCZFByEo2wFQ,2024-01-21 03:30:20+00:00,3642868,69197,676,PT6M39S,6.65,0.019180766363206134
Bachpan Ke Khel | Take A Break,bbRv5DYjnMI,UCzIciQA6KlhGCZFByEo2wFQ,2024-01-07 03:30:22+00:00,4089504,54109,1483,PT9M7S,9.116666666666667,0.013593824581171702
Family Dinner l Mummy ka Birthday | Take A Break,19Vt5PcxrsQ,UCzIciQA6KlhGCZFByEo2wFQ,2023-12-24 03:30:00+00:00,3895441,61158,1276,PT11M16S,11.266666666666667,0.016027453631052298
Maa-Munna aur Paiso ka Chakkar | Take A Break,KwgpSTzDdOQ,UCzIciQA6KlhGCZFByEo2wFQ,2023-12-17 03:30:09+00:00,2452932,58103,1060,PT13M13S,13.216666666666669,0.024119298863564093
Moye Moye Moments with Family | Take A Break,lRbcNMf3S5c,UCzIciQA6KlhGCZFByEo2wFQ,2023-12-03 03:30:18+00:00,17465390,285217,6914,PT6M27S,6.45,0.016726279802512282
Nimbu Pani | A Horror Comedy by Take A Break,6DRWLd3nmvQ,UCzIciQA6KlhGCZFByEo2wFQ,2023-11-26 03:30:03+00:00,2985188,55586,1853,PT15M40S,15.666666666666666,0.01924133421412655
Maa Bina Diwali | Sahaparivar | EP-03 | A Family Mockumentary Drama | Take A Break,-_mvgyYNUz0,UCzIciQA6KlhGCZFByEo2wFQ,2023-11-12 03:30:00+00:00,1880180,31637,643,PT10M1S,10.016666666666667,0.01716856896680105
Corporate Connection - Office ka Pyaar | Take A Break,6Dpn82wqPhM,UCzIciQA6KlhGCZFByEo2wFQ,2023-11-05 03:30:02+00:00,1595050,53589,2196,PT17M6S,17.1,0.03497382527193505
India ke Gully Cricketers üèè | Take A Break,yDdvdMGz-BQ,UCzIciQA6KlhGCZFByEo2wFQ,2023-10-22 03:30:18+00:00,877585,19370,414,PT8M2S,8.033333333333333,0.02254368522707202
Boss ka Birthday | Take A Break,FmqD8x98MrI,UCzIciQA6KlhGCZFByEo2wFQ,2023-10-15 03:30:05+00:00,923156,23985,514,PT6M4S,6.066666666666666,0.026538309884786535
Every Indian at Movie Theatre üé¨üçø | Take A Break,eCRuugiTjUM,UCzIciQA6KlhGCZFByEo2wFQ,2023-10-08 03:36:59+00:00,2086902,38990,672,PT6M43S,6.716666666666667,0.01900520484430989
Maa-Munna aur Photo ka Kaand | Take A Break,mJjGGYXakbY,UCzIciQA6KlhGCZFByEo2wFQ,2023-10-01 03:30:14+00:00,3480375,69394,1382,PT10M21S,10.35,0.020335739683223792
Bachpan Ka Birthday | Take A Break,fjDMO3EAmYg,UCzIciQA6KlhGCZFByEo2wFQ,2023-09-24 03:52:03+00:00,5790306,100424,2730,PT10M14S,10.233333333333333,0.017814947949210284
Baat ka Batangad | EP 01 | Domestic Violence | Take A Break,4o8reDpPVo0,UCzIciQA6KlhGCZFByEo2wFQ,2023-09-17 03:30:02+00:00,1495609,39780,764,PT7M45S,7.75,0.027108689503740617
Women at Parlour üíÑ | Take A Break,64mCCnPjRgc,UCzIciQA6KlhGCZFByEo2wFQ,2023-09-10 03:30:02+00:00,4191838,68372,745,PT7M46S,7.766666666666667,0.016488471167063232
Teacher's Day Ki Tayari | Syllabus Ke Doosri Aur! | Take A Break,4qcNZ5C23TY,UCzIciQA6KlhGCZFByEo2wFQ,2023-09-03 03:30:02+00:00,4213394,60283,1017,PT8M13S,8.216666666666667,0.014548841148015116
Raksha Bandhan ka Gift | Sahaparivar | EP-02 | A Family Mockumentary Drama | Take A Break,ohGWen-2SSg,UCzIciQA6KlhGCZFByEo2wFQ,2023-08-27 03:30:28+00:00,2132169,39542,672,PT8M29S,8.483333333333333,0.018860606265263213
Every Tuition Ever | Take A Break,woe2gcxOPKk,UCzIciQA6KlhGCZFByEo2wFQ,2023-08-20 03:30:21+00:00,5410108,72984,1481,PT7M17S,7.283333333333333,0.01376405055130138
Sahaparivar - Beti Ki Shaadi | EP-01 | A Family Mockumentary Drama | Take A Break,aO0ZMBGKgM0,UCzIciQA6KlhGCZFByEo2wFQ,2023-08-13 03:30:00+00:00,2863360,51129,1104,PT8M9S,8.15,0.01824185572194904
Indians and Delivery Boys üõµ | Take A Break,-ZZPafEt5w4,UCzIciQA6KlhGCZFByEo2wFQ,2023-08-06 03:30:00+00:00,2206184,49487,1118,PT9M44S,9.733333333333333,0.022937796666098565
Types of Aashiq üíî | Take A Break,aLpJH8WC6Wk,UCzIciQA6KlhGCZFByEo2wFQ,2023-07-30 03:30:01+00:00,2152408,47265,864,PT8M46S,8.766666666666667,0.022360537593244405
Baarish Ke Kisse üåß | Every Monsoon Ever | Take A Break,PNXyPG6c97I,UCzIciQA6KlhGCZFByEo2wFQ,2023-07-23 03:30:12+00:00,2513941,45282,604,PT7M57S,7.95,0.018252616111515744
Khabri Ki Report | Report 1 - Alien | Take A Break,ZDHv0VxGSSY,UCzIciQA6KlhGCZFByEo2wFQ,2023-07-16 03:30:10+00:00,953038,27216,707,PT10M42S,10.7,0.029298936663595784
Amrapali Bhavan - The Haunted House | Horror Comedy | Take A Break,xUZ7KZPfyjw,UCzIciQA6KlhGCZFByEo2wFQ,2023-07-09 03:30:22+00:00,2884758,66262,3819,PT26M27S,26.45,0.02429354559377251
Types of Relatives | Take A Break,twfvttIVmUY,UCzIciQA6KlhGCZFByEo2wFQ,2023-07-02 03:41:52+00:00,5379492,77172,925,PT12M5S,12.083333333333334,0.014517541805062635
Indians at Kapde ki Dukan üòÇ | Types of People at Garments Shop | Take A Break,T1KjmZbSIEU,UCzIciQA6KlhGCZFByEo2wFQ,2023-06-25 03:30:14+00:00,2826134,57293,1076,PT4M36S,4.6,0.02065330235579771
Indians and Auto Rickshaw üòÅ | Take A Break,oE_bsgCLvj0,UCzIciQA6KlhGCZFByEo2wFQ,2023-06-18 03:30:13+00:00,1656432,34346,547,PT6M14S,6.233333333333333,0.02106515691558724
Garmi Ki Chhuttiyan - Every Indian Summer ‚òÄ | Take A Break,NatASaDKCvI,UCzIciQA6KlhGCZFByEo2wFQ,2023-06-11 03:30:11+00:00,8230182,102674,1643,PT7M10S,7.166666666666667,0.012674932340499882
Indians & Chugli | Take A Break,o2Ue8elSeII,UCzIciQA6KlhGCZFByEo2wFQ,2023-06-04 03:30:23+00:00,5579391,103590,1184,PT7M53S,7.883333333333333,0.018778752017917368
Shahi Tukda - a College Admission Story üéì | Take A Break,rnZQbmexU3s,UCzIciQA6KlhGCZFByEo2wFQ,2023-05-28 03:47:00+00:00,2966416,66623,1680,PT9M25S,9.416666666666666,0.023025428665433303
MI ULTIMO VIDEO / Kimberly Loaiza,PzdbOj84gTo,UCQZfFRohQ7UX-0CdXl-6pwQ,2023-12-18 22:32:33+00:00,17743961,1258759,426399,PT15M31S,15.516666666666667,0.09497079034382458
El ES HERMANO MAYOR DE KIMA Y JUANITO üò≥ (broma) Jukilop | Kimberly Loaiza,JJ1S2W6dOE4,UCQZfFRohQ7UX-0CdXl-6pwQ,2023-12-15 23:31:30+00:00,11937084,431219,14198,PT25M42S,25.7,0.03731371916290444
ALBERCAS MISTERIOSAS üò± no caigas en la incorrecta ‚ùå Kimberly Loaiza,K4o2npm2S1w,UCQZfFRohQ7UX-0CdXl-6pwQ,2023-12-11 02:18:18+00:00,7934133,292571,14782,PT24M8S,24.133333333333333,0.038738070057560164
DORMIMOS EN LA PISCINA CON KIMA Y JUANITO  üò± Jukilop | Kimberly Loaiza,k0dkoeHH-zU,UCQZfFRohQ7UX-0CdXl-6pwQ,2023-12-01 19:28:38+00:00,24126880,581554,25903,PT28M50S,28.83333333333333,0.025177602740180247
SI CRUZAS EL PUENTE GANAS DINERO üíµ üò± Jukilop | Kimberly Loaiza,GCJ8p80-TR4,UCQZfFRohQ7UX-0CdXl-6pwQ,2023-11-25 21:19:09+00:00,6865287,267480,19217,PT29M26S,29.433333333333334,0.04176038088429515
24 HORAS CON MINI MANOS üôåüèª üò± Kimberly Loaiza,fWg8P-Cx-Dk,UCQZfFRohQ7UX-0CdXl-6pwQ,2023-11-11 18:00:18+00:00,6591774,305685,34498,PT24M42S,24.7,0.05160720012548974
JUKILOP SE ACAB√ì üôÖüèª‚Äç‚ôÄÔ∏è VERDAD O SHOT ü•Ç Kimberly Loaiza,x07Z7qH9SC4,UCQZfFRohQ7UX-0CdXl-6pwQ,2023-11-07 22:06:44+00:00,13988884,1141371,92168,PT27M35S,27.58333333333333,0.08817994344652512
KIMA Y JUANITO LLENARON LA ALBERCA DE SLIME üò± Jukilop | Kimberly Loaiza,adJhCdF6od0,UCQZfFRohQ7UX-0CdXl-6pwQ,2023-10-15 16:39:40+00:00,14611691,363753,21661,PT21M17S,21.28333333333333,0.026377097626824986
SIGUE LA CANCI√ìN O CAES AL AGUA üí¶ Jukilop | Kimberly Loaiza,f1IdfyuS0ng,UCQZfFRohQ7UX-0CdXl-6pwQ,2023-10-13 22:24:33+00:00,11346318,323841,11669,PT28M47S,28.78333333333333,0.029569945069404895
ME PELE0 CON MI PRIMA FRENTE A TODOS üò± Kimberly Loaiza,kqaXLgNJ5vQ,UCQZfFRohQ7UX-0CdXl-6pwQ,2023-10-06 23:04:49+00:00,21014537,657754,19564,PT24M46S,24.766666666666666,0.032230926619986916
JD BES0 A CESAR ü§Ø PUENTE DE INFLABLES EXTREM0 | Kimberly Loaiza,sjBZl0p3FLE,UCQZfFRohQ7UX-0CdXl-6pwQ,2023-09-29 21:38:19+00:00,7546545,267998,10355,PT27M19S,27.316666666666663,0.036884826102540964
IGNORANDO A KIMA Y A JUANITO üò± #CumpleElRetoKim9 ‚ú®Kimberly Loaiza,Xo9Fp0MQHKA,UCQZfFRohQ7UX-0CdXl-6pwQ,2023-09-23 18:23:55+00:00,10125238,452202,29320,PT25M29S,25.48333333333333,0.04755661052115516
CESAR BES0 A QUEEN üò® JUEGO DE MESA GIGANTE ‚ú® Kimberly Loaiza,jBWOOQKssRo,UCQZfFRohQ7UX-0CdXl-6pwQ,2023-09-15 20:45:38+00:00,9649359,273065,12078,PT46M13S,46.21666666666667,0.02955046029482373
24 HORAS COMIENDO PICANTE üå∂Ô∏è ü•µ Kimberly Loaiza,UXooiK9E_vo,UCQZfFRohQ7UX-0CdXl-6pwQ,2023-08-27 00:57:29+00:00,9052186,351124,20470,PT32M36S,32.6,0.04105019494738619
24 HORAS ESPOSADA de mi PRIMA y mi ESPOSO üòØ Kimberly Loaiza,JHHvjZq9Rt0,UCQZfFRohQ7UX-0CdXl-6pwQ,2023-08-20 00:54:57+00:00,26442293,555246,27093,PT1H11M11S,71.18333333333334,0.02202301441860583
Comprando todo lo que KIMA y JUANITO tocan en el CRUCERO DE DISNEY üö¢ üò≠ Jukilop | Kimberly Loaiza,ARe8rWfYVQM,UCQZfFRohQ7UX-0CdXl-6pwQ,2023-08-12 17:50:03+00:00,6336282,221770,9252,PT29M53S,29.883333333333333,0.03646018280120739
SUBIR√â CONTENIDO PARA ADULT0S üîû ü•µ BR0MA A JD PANTOJA | Kimberly Loaiza,dfPLPxbK1VA,UCQZfFRohQ7UX-0CdXl-6pwQ,2023-08-05 00:14:39+00:00,14808472,536569,22741,PT27M28S,27.466666666666665,0.03776959567469216
SE ME PERDI√ì JUANITO EN EL CRUCERO DE DISNEY üö¢ (broma a JD) Kimberly Loaiza,J9lQ2hAAcRo,UCQZfFRohQ7UX-0CdXl-6pwQ,2023-07-29 17:53:20+00:00,16635564,484017,17001,PT26M58S,26.966666666666665,0.03011728367009378
REACCIONANDO AL NUEVO CRUCERO DE DISNEY üö¢ üò± Jukilop | Kimberly Loaiza,-e6AL_9w5dw,UCQZfFRohQ7UX-0CdXl-6pwQ,2023-07-21 21:15:17+00:00,7027648,275680,17391,PT23M24S,23.4,0.04170257246805759
JUANITO LE COMPR√ì TODO ESTO A KIMA POR SU CUMPLEA√ëOS üéÅ üò±Jukilop | Kimberly Loaiza,Eka0Sfc9OgY,UCQZfFRohQ7UX-0CdXl-6pwQ,2023-07-15 00:33:31+00:00,18041932,420526,29594,PT48M44S,48.73333333333333,0.024948547638911397
Subimos un volc√°n y comimos una pizza hecha en el üåãüò± Jukilop | Kimberly Loaiza,QkMlzEdHnco,UCQZfFRohQ7UX-0CdXl-6pwQ,2023-07-08 02:05:26+00:00,11934981,312511,16078,PT39M28S,39.46666666666667,0.02753158970257263
UN FAN ME PIDI√ì MATRIMONIO üò≥ Abriendo regalos de nuestros fans üéÅ Jukilop | Kimberly Loaiza,6GCCHR4Vsd8,UCQZfFRohQ7UX-0CdXl-6pwQ,2023-07-01 20:18:46+00:00,6035842,299074,15436,PT42M43S,42.71666666666667,0.052107063107351054
ADOPTAREMOS A UNA FAN POR ESTA RAZ√ìN ü•∫ Jukilop | Kimberly Loaiza,7MZSRZrFElU,UCQZfFRohQ7UX-0CdXl-6pwQ,2023-06-24 04:30:25+00:00,5150469,198570,18659,PT41M15S,41.25,0.04217654741733229
UNA FAN LE HIZO BRUJER√çA A JD üò∞ ABRIENDO REGALOS DE FANS üéÅ Jukilop |Kimberly Loaiza,b3fiFj_8A38,UCQZfFRohQ7UX-0CdXl-6pwQ,2023-06-17 03:21:47+00:00,5865296,250903,17610,PT31M39S,31.65,0.04577995722637016
NOS TRATAMOS MAL FRENTE A FANS üò± Jukilop | Kimberly Loaiza,M5_f3or8U3s,UCQZfFRohQ7UX-0CdXl-6pwQ,2023-06-10 03:25:11+00:00,6563458,271008,14618,PT37M55S,37.91666666666666,0.04351760916273099
PROBANDO COMIDA CALLEJERA DE ARGENTINA üá¶üá∑ Jukilop | Kimberly Loaiza,YLIQQcNtgpA,UCQZfFRohQ7UX-0CdXl-6pwQ,2023-06-03 01:22:55+00:00,11823797,424188,37388,PT30M17S,30.28333333333333,0.03903788267000863
PROBANDO TRUCOS VIRALES DE TIKTOK üò± (LIFEHACKS) Jukilop | Kimberly Loaiza,cPctiOUM3ds,UCQZfFRohQ7UX-0CdXl-6pwQ,2023-05-27 00:57:06+00:00,5916855,291058,14289,PT33M27S,33.45,0.051606300982532105
LE HICE A KIMA UN CAMBIO DE LOOK EXTREMO üò± Kimberly Loaiza,C9c-Y2ORb6Y,UCQZfFRohQ7UX-0CdXl-6pwQ,2023-05-19 20:13:02+00:00,15683567,586594,31444,PT24M41S,24.683333333333334,0.03940672424838049
PELEANDO TODO EL D√çA FRENTE A TODOS ü§Ø Jukilop | Kimberly Loaiza,ZwtBTpy7JLA,UCQZfFRohQ7UX-0CdXl-6pwQ,2023-05-13 03:33:50+00:00,9173349,380430,15713,PT25M17S,25.28333333333333,0.04318411956200511
Prueba de obediencia para KIMA & JUANITO üò≥ Jukilop | Kimberly Loaiza,O1tSvHLJWWc,UCQZfFRohQ7UX-0CdXl-6pwQ,2023-05-06 01:58:11+00:00,25383352,894772,35906,PT50M57S,50.95,0.036664897528112125
BROMA PESADA A LIT KILLAH ü§Ø Kimberly Loaiza,efkREDDle6k,UCQZfFRohQ7UX-0CdXl-6pwQ,2023-04-21 21:21:10+00:00,3629983,196024,15746,PT27M33S,27.55,0.05833911618869841
MI AMIGA LE COQUETEA A MI ESPOSO ü§Ø (Broma) Kimberly Loaiza ‚ú® JD Pantoja | Kim Shantal,RKkDESG8YU0,UCQZfFRohQ7UX-0CdXl-6pwQ,2023-04-15 00:31:12+00:00,11399722,503615,21721,PT27M46S,27.766666666666666,0.046083229047164484
Le dije a LELE PONS que me coquetea GUAYNA üò± (Broma) #CumpleelretoKim8 ‚ú® Kimberly Loaiza,FC5uaojlxw8,UCQZfFRohQ7UX-0CdXl-6pwQ,2023-04-07 23:35:31+00:00,10409540,486865,20623,PT43M24S,43.4,0.04875220230673017
OS AVENTUREIROS FORAM EMBORA DA CIDADE DA ALEGRIA,c7Gk9gXHG1E,UC_gV70G_Y51LTa3qhu8KiEA,2024-07-28 22:00:30+00:00,145551,2700,0,PT6M26S,6.433333333333334,0.018550198899354865
RICA vs POBRE - APRENDIZ vs GI,h62DDYCy0Es,UC_gV70G_Y51LTa3qhu8KiEA,2024-07-26 22:00:26+00:00,269692,3051,0,PT13M46S,13.766666666666667,0.011312905091734275
O NOVO AMOR DO DR MAUMAU - CONHECEMOS A DRA MAUZONA,S5qz3OsNsIA,UC_gV70G_Y51LTa3qhu8KiEA,2024-07-24 22:00:14+00:00,147781,2441,0,PT26M14S,26.23333333333333,0.016517684952734115
Music Not Allow ‚ò†Ô∏èü§Ø|| Akshay Nagwadiya || Zoya sheikh || Prince Pure,4Kg2TDsGO9o,UCz7PhJtc2G8Sre2vCLfmqAw,2024-07-29 05:30:04+00:00,103717,1167,31,PT5M6S,5.1,0.01155066189727817
Adivasi hair oil | exposed | Gulshan kalra,vHKRDZMqk58,UC56dNUTok1pgvpY75CsJQ4Q,2024-06-06 06:56:28+00:00,1012085,11707,245,PT6M2S,6.033333333333333,0.011809284793273292
Shree ram Padhare hain - ‡§∂‡•ç‡§∞‡•Ä ‡§∞‡§æ‡§Æ ‡§™‡§ß‡§æ‡§∞‡•á ‡§π‡•à - official music video | Gulshan kalra | Rishi yk,jhbPPJmIa-o,UC56dNUTok1pgvpY75CsJQ4Q,2024-01-19 06:05:10+00:00,8440609,35950,1077,PT3M20S,3.333333333333333,0.004386768774622779
The school storyüò∞ | Gulshan kalra | Janvi Patel,wTYT4YD7sSU,UC56dNUTok1pgvpY75CsJQ4Q,2024-01-01 06:31:17+00:00,11079285,63908,1750,PT10M11S,10.183333333333334,0.0059261946957768485
Bhairavakona New Released Hindi Dubbed Movie 2024 | Sundeep Kishan | Varsha Bollamma | South Movie,KYcGQ-fEUZQ,UCX_uPA_dGf7wXjuMEaSKLJA,2024-07-26 13:30:07+00:00,21090563,330526,7387,PT2H9M54S,129.9,0.016021999981697975
Bhairavakona Hindi Trailer | Sundeep Kishan | Varsha Bollamma | South Movie | Aditya Movies,EQq_8ltAXVA,UCX_uPA_dGf7wXjuMEaSKLJA,2024-07-24 13:30:08+00:00,96204,3400,119,PT1M54S,1.9,0.03657852064363228
Brahmanandam Ultimate Comedy Scenes || Back2Back Comedy Mashup || Aditya Movies,mzwtO0uiMbs,UCX_uPA_dGf7wXjuMEaSKLJA,2023-06-18 13:30:18+00:00,2630355,16872,87,PT27M4S,27.066666666666663,0.006447418694434781
NASA afirma que BRASIL FICAR√Å INABIT√ÅVEL em 50 ANOS -  Entenda o Caso,RmkGDYf5l7M,UCj0O6W8yDuLg3iraAXKgCrQ,2024-07-27 19:30:02+00:00,681871,49987,1520,PT8M29S,8.483333333333333,0.0755377483424284
10 PIORES MONSTROS MARINHOS de TODOS OS TEMPOS,4g8wD4q1kzM,UCj0O6W8yDuLg3iraAXKgCrQ,2024-07-26 19:30:00+00:00,451609,37120,509,PT16M45S,16.75,0.08332207728366796
6 PADR√ïES DE BELEZA mais RAROS DO MUNDO,ARybYPKAEjA,UCj0O6W8yDuLg3iraAXKgCrQ,2024-07-25 19:00:05+00:00,309519,22483,930,PT11M12S,11.2,0.07564317537857126
"O MIST√âRIO DO OUMUAMUA FOI RESOLVIDO !! - A Rocha ""Alien√≠gena""",J6m9mOXzct4,UCj0O6W8yDuLg3iraAXKgCrQ,2024-07-24 18:45:00+00:00,389479,30099,1084,PT10M9S,10.15,0.0800633667026977
O ATAQUE contra DONALD TRUMP - Milagre ou Arma√ß√£o?,iiVSgzG6Spc,UCj0O6W8yDuLg3iraAXKgCrQ,2024-07-17 20:50:00+00:00,923532,54873,2620,PT9M1S,9.016666666666667,0.06225339241087477
6 ANJOS MAIS ASSUSTADORES que o DIABO,8TWUFesRrNE,UCj0O6W8yDuLg3iraAXKgCrQ,2024-07-16 19:00:03+00:00,892168,53835,1675,PT10M1S,10.016666666666667,0.06221922328530052
12 MIST√âRIOS da MONA LISA - Porque ELA √â T√ÉO FAMOSA?,Cw7ewAR4enQ,UCj0O6W8yDuLg3iraAXKgCrQ,2024-07-06 19:00:06+00:00,710240,28636,406,PT16M3S,16.05,0.04089040324397387
TITANOBOA x VASUKI - QUEM VENCERIA?? As MAIORES COBRAS do Mundo!! ft @biologohenriqueoficial,srUkkAyKEOE,UCj0O6W8yDuLg3iraAXKgCrQ,2024-07-04 17:00:49+00:00,680949,44530,1089,PT13M59S,13.983333333333333,0.06699326968686348
8 PESSOAS com PARTES do CORPO MAIORES que O NORMAL,kLJf3Yfp200,UCj0O6W8yDuLg3iraAXKgCrQ,2024-06-30 19:00:19+00:00,880622,29977,752,PT12M20S,12.333333333333334,0.03489465400591854
28 Praias MAIS PERIGOSAS: Criaturas Estranhas e o Que NUNCA Tocar!,zFAdOptIC0U,UCj0O6W8yDuLg3iraAXKgCrQ,2024-05-31 19:00:34+00:00,1429324,67169,631,PT31M,31.0,0.047435011236080835
‚ÄúBURACO PARA O INFERNO‚Äù China chegar√° ao centro da Terra com escava√ß√£o?,YfHsk2T83JQ,UCj0O6W8yDuLg3iraAXKgCrQ,2023-06-22 19:35:48+00:00,1188263,86106,2027,PT10M29S,10.483333333333333,0.0741696072334155
O Submarino que DESAPARECEU em expedi√ß√£o ao TITANIC - Entenda o Caso,x5wWKJGagvY,UCj0O6W8yDuLg3iraAXKgCrQ,2023-06-21 19:39:30+00:00,3725298,276692,6358,PT12M34S,12.566666666666666,0.07598049874130874
18 CURIOSIDADES que era melhor VOC√ä NEM SABER ...,GYSQP2QBJeM,UCj0O6W8yDuLg3iraAXKgCrQ,2023-06-12 22:05:00+00:00,1279383,76009,1463,PT14M17S,14.283333333333331,0.06055418901142191
Essa foi a MAIOR ONDA J√Å REGISTRADA NA HIST√ìRIA,aTz7Z4p-HBY,UCj0O6W8yDuLg3iraAXKgCrQ,2023-06-09 20:35:00+00:00,1520091,76345,665,PT11M48S,11.8,0.05066144066374974
com quantos anos VOC√ä DESCOBRIU ISSO?? - Parte 5,6VfashcQUZs,UCj0O6W8yDuLg3iraAXKgCrQ,2023-06-07 19:45:00+00:00,1639068,75607,1268,PT10M58S,10.966666666666669,0.046901653866709615
E se voc√™ comesse o cobra mais venenoso do mundo?,F-2uzhgIKYo,UCj0O6W8yDuLg3iraAXKgCrQ,2023-05-31 21:55:56+00:00,506862,34947,785,PT12M14S,12.233333333333333,0.0704965059523105
Coisas que VOC√ä N√ÉO SABIA sobre S√çNDROME DE DOWN,dN0iBo7418k,UCj0O6W8yDuLg3iraAXKgCrQ,2023-05-30 15:00:07+00:00,473591,39375,1105,PT8M33S,8.55,0.08547459727908681
9 Pessoas que FALECERAM de FORMAS EST√öPIDAS - Vencedores do PR√äMIO DARWIN,m5EXwMLiBj0,UCj0O6W8yDuLg3iraAXKgCrQ,2023-05-29 21:05:13+00:00,2657125,121156,1165,PT17M36S,17.6,0.046035094321870446
Mulher diz ter vindo do ANO 3812 e mostra FOTO COMO PROVA,hPlendP66bc,UCj0O6W8yDuLg3iraAXKgCrQ,2023-05-27 20:45:01+00:00,2273286,123114,3447,PT16M27S,16.45,0.05567315331198978
Homem gasta 2 MILH√ïES para se TRANSFORMAR EM CACHORRO - Pessoas que desistiram da vida humana,prMpDBVLLxA,UCj0O6W8yDuLg3iraAXKgCrQ,2023-05-24 19:15:01+00:00,1746303,77799,1904,PT14M29S,14.483333333333333,0.04564099128272699
7 NOVAS previs√µes que os Simpsons FIZERAM E ACERTARAM,bgbuT7XrQLg,UCj0O6W8yDuLg3iraAXKgCrQ,2023-05-22 20:35:00+00:00,1413632,79260,801,PT11M10S,11.166666666666666,0.056634965818544006
Fusca azul √© 'mal-assombrado'?? - Entenda o Caso,SO6mn66a5oo,UCj0O6W8yDuLg3iraAXKgCrQ,2023-05-19 21:12:31+00:00,687787,54670,1008,PT11M49S,11.816666666666666,0.08095238787589762
12 RECORDES MAIS BIZARROS do GUINNES BOOK - LIVRO DOS RECORDES,7GXd31LWl6s,UCj0O6W8yDuLg3iraAXKgCrQ,2023-05-15 21:15:00+00:00,1341372,66880,969,PT16M52S,16.866666666666667,0.05058179237377849
25 tiktoks mais assustadores da internet...,jqO6eP42Ivo,UCj0O6W8yDuLg3iraAXKgCrQ,2023-05-12 21:25:00+00:00,3009204,112550,1957,PT15M44S,15.733333333333333,0.03805225567957506
Veja o que tem DENTRO DO CRISTO REDENTOR,2VmlKLA2sV4,UCj0O6W8yDuLg3iraAXKgCrQ,2023-05-10 19:04:19+00:00,1224656,59683,896,PT10M39S,10.65,0.04946613579650122
Desafios PERIGOSOS do TIKTOK que n√£o devem ser feitos POR NINGU√âM!,D1uRoByg7TU,UCj0O6W8yDuLg3iraAXKgCrQ,2023-05-08 20:20:35+00:00,1693149,78606,1944,PT12M37S,12.616666666666667,0.04757407646934794
Segredos dos TRUQUES DE M√ÅGICAS mais perigosos REVELADOS,7exEUzJ01Pg,UCj0O6W8yDuLg3iraAXKgCrQ,2023-05-05 20:24:11+00:00,1376650,52050,959,PT17M45S,17.75,0.03850579304834199
E se VOC√ä COMER 100 MIL CALORIAS em 24 HORAS?,wS40bK4-Z0w,UCj0O6W8yDuLg3iraAXKgCrQ,2023-04-29 22:45:01+00:00,1436508,73416,1004,PT10M31S,10.516666666666667,0.05180618555552771
NASA consegue DESVIAR ASTEROIDE com SUCESSO - Asteroide pode atingir a Terra em 2046?,gw2mlXfxVmQ,UCj0O6W8yDuLg3iraAXKgCrQ,2023-04-25 21:45:02+00:00,413226,34333,717,PT8M1S,8.016666666666667,0.08482041304274174
RECEBEMOS uma LIGA√á√ÉO do MUNDO DOS MORTOS,limirUeiji4,UCj0O6W8yDuLg3iraAXKgCrQ,2023-04-24 22:00:50+00:00,557098,48095,1117,PT9M47S,9.783333333333331,0.08833634297735767
PROIBIDO RIR - Se rir j√° sabe....,8G_bn8unJC0,UCj0O6W8yDuLg3iraAXKgCrQ,2023-04-22 21:16:14+00:00,2488550,107675,1354,PT11M30S,11.5,0.043812260151493844
O que aconteceria se o SOL ca√≠sse em um BURACO NEGRO?? - #VSResponde,K1k68D-ah_A,UCj0O6W8yDuLg3iraAXKgCrQ,2023-04-18 20:00:05+00:00,697328,56788,2835,PT8M26S,8.433333333333334,0.08550208797008008
Assim ser√° o SER HUMANO no ANO 3000,y4OZ6Piv2Gg,UCj0O6W8yDuLg3iraAXKgCrQ,2023-04-11 21:01:00+00:00,586355,53569,1282,PT9M43S,9.716666666666669,0.09354571889043327
VOC√ä PRECISA ASSISTIR ESSE V√çDEO ANTES DE VER Dungeons & Dragons: Honra Entre Rebeldes,9M-rXYKeH4c,UCj0O6W8yDuLg3iraAXKgCrQ,2023-04-07 19:00:03+00:00,307088,22703,456,PT6M58S,6.966666666666667,0.07541486479445632
chaves - tudo que aconteceu por tr√°s das c√¢meras,W2ZLmI2nDvo,UCj0O6W8yDuLg3iraAXKgCrQ,2023-04-05 21:11:17+00:00,1087547,84887,1542,PT11M12S,11.2,0.07947150789804946
Achamos DIAMANTES dentro da PLACA DE 10 MILH√ïES??,VzFRpcsGH68,UCj0O6W8yDuLg3iraAXKgCrQ,2023-03-31 21:00:23+00:00,563136,51768,887,PT11M36S,11.6,0.09350316797363337
10 EXPERIMENTOS CIENT√çFICOS INCR√çVEIS que VOC√ä N√ÉO CONHECE !!,J2fOw4qOtfQ,UCj0O6W8yDuLg3iraAXKgCrQ,2023-03-29 21:45:00+00:00,3334409,111872,1522,PT11M24S,11.4,0.03400722586821233
A MISTERIOSA R√ÅDIO FANTASMA que funciona AT√â HOJE - UVB 76,UBfULJhliYs,UCj0O6W8yDuLg3iraAXKgCrQ,2023-03-28 21:04:00+00:00,964290,60097,1003,PT15M36S,15.6,0.06336268135104585
30 animais mais feios do mundo,1OXmQ1qjE00,UCj0O6W8yDuLg3iraAXKgCrQ,2023-03-26 21:05:00+00:00,1070391,54559,1637,PT24M38S,24.633333333333333,0.05250044142747837
O Helic√≥ptero que CAIU em CHERNOBYL - ACONTECEU DE VERDADE!,UMkZST4GWHI,UCj0O6W8yDuLg3iraAXKgCrQ,2023-03-25 20:17:00+00:00,790408,59625,622,PT8M1S,8.016666666666667,0.07622265968967926
HUGGY WUGGY - O personagem ASSUSTADOR que foi BANIDO EM V√ÅRIOS PAISES,1l8Fm2daFe4,UCj0O6W8yDuLg3iraAXKgCrQ,2023-03-22 20:17:01+00:00,964738,63927,2123,PT4M42S,4.7,0.06846418405826245
22 Pessoas CORAJOSAS (ou BURRAS) que N√ÉO TEM MEDO DE NADA,cIWhr20CP8I,UCj0O6W8yDuLg3iraAXKgCrQ,2023-03-19 20:17:00+00:00,1554626,70695,998,PT14M59S,14.983333333333333,0.04611591469588184
Os √öLTIMOS DIAS de MICHAEL JACKSON,Oo191uNnTOo,UCj0O6W8yDuLg3iraAXKgCrQ,2023-03-16 23:00:10+00:00,1087828,69938,1576,PT9M16S,9.266666666666667,0.06574017215956934
e se a TITANOBOA AINDA EXISTISSE??,H9xxBiJBTUM,UCj0O6W8yDuLg3iraAXKgCrQ,2023-03-13 22:00:12+00:00,1150935,86571,1451,PT8M1S,8.016666666666667,0.07647868906584647
Esses 6 ARTISTAS que PREVIRAM A PR√ìPRIA MORTE !!,OYhlnuSfiHg,UCj0O6W8yDuLg3iraAXKgCrQ,2023-02-28 21:00:11+00:00,1664408,108863,2694,PT10M30S,10.5,0.06702503232380522
COISAS ESTRANHAS que aconteceram em FILMES que VOC√ä N√ÉO SABIA,knfQ_NElkqE,UCj0O6W8yDuLg3iraAXKgCrQ,2023-02-26 19:00:17+00:00,1002596,84043,1364,PT9M51S,9.85,0.08518585751389393
A VERDADE sobre AS MISTERIOSAS PIR√ÇMIDES DA ANT√ÅRTIDA,zcEUtFE4DtU,UCj0O6W8yDuLg3iraAXKgCrQ,2023-02-25 17:12:21+00:00,811814,76022,954,PT9M56S,9.933333333333334,0.09481974935145243
5 SEGREDOS e TEORIAS que o VATICANO N√ÉO QUER QUE VOC√ä SAIBA,qAFVHBPu54w,UCj0O6W8yDuLg3iraAXKgCrQ,2023-02-24 17:29:35+00:00,1172184,120935,1202,PT11M15S,11.25,0.10419609890597381
I Built 12 SECRET Rooms You'd Never Find!,Muzq5DI2JZQ,UCyagEfIN1okQ-s996XAqCFQ,2024-07-28 12:00:30+00:00,1774762,17305,605,PT1H38M59S,98.98333333333332,0.01009149395806311
I Built 7 SECRET Rooms In ONE COLOR!,4AuDpoyL-ms,UCyagEfIN1okQ-s996XAqCFQ,2024-07-20 12:00:07+00:00,3466097,70921,1795,PT35M,35.0,0.020979216680894967
I Built TINY vs GIANT SECRET Rooms!,VK0KomSu09A,UCyagEfIN1okQ-s996XAqCFQ,2024-07-14 12:00:27+00:00,3116811,31289,2001,PT28M11S,28.183333333333334,0.010680788793417374
I Built a SECRET Room For MrBeast!,UGfPqQFPiFA,UCyagEfIN1okQ-s996XAqCFQ,2024-07-06 12:00:28+00:00,9578766,93358,3784,PT28M22S,28.366666666666667,0.010141389819941317
I Built a SECRET Room For My New Baby!,lYZQYrpChnk,UCyagEfIN1okQ-s996XAqCFQ,2024-06-29 12:00:48+00:00,15817115,228839,7807,PT36M11S,36.18333333333333,0.014961388344208158
I Built 7 EXTREME Rooms in My House!,S1Nfu8Ibi7Q,UCyagEfIN1okQ-s996XAqCFQ,2024-06-22 14:03:00+00:00,3313436,28922,1383,PT1H58M19S,118.31666666666666,0.00914609486949499
"$1 VS $10,000 House Challenge!",HUm8Cpw6b8w,UCyagEfIN1okQ-s996XAqCFQ,2024-06-15 14:02:00+00:00,1396518,41557,727,PT30M11S,30.183333333333334,0.030278163260337495
I Built A SECRET Room In HIDE AND SEEK!,zOFO0k6Km5w,UCyagEfIN1okQ-s996XAqCFQ,2024-06-08 14:03:00+00:00,5263255,44749,1870,PT26M15S,26.25,0.008857446580110596
I Survived The World's STRICTEST TEACHERS!,B_-9bmRofJM,UCyagEfIN1okQ-s996XAqCFQ,2024-06-01 14:00:13+00:00,5360472,74160,1512,PT55M25S,55.41666666666666,0.014116667338249319
Asking Millionaires If I Can Find Their SECRET Rooms!,VrBfUy56aI4,UCyagEfIN1okQ-s996XAqCFQ,2024-05-25 13:05:00+00:00,2747289,36137,854,PT36M42S,36.7,0.013464546321846738
I Built 10 SECRET Rooms You'd NEVER Find!,J53lxZhxVBI,UCyagEfIN1okQ-s996XAqCFQ,2024-05-19 13:06:27+00:00,4637583,30235,1885,PT1H59M41S,119.68333333333334,0.006926021593575792
"$1 VS $10,000,000 SECRET ROOM!",nUNnblkv8zA,UCyagEfIN1okQ-s996XAqCFQ,2024-05-12 14:01:00+00:00,4206031,52888,1674,PT41M52S,41.86666666666667,0.01297232474035498
I Built a Secret Gaming Room In the Desert!,WSjcZxnOdCQ,UCyagEfIN1okQ-s996XAqCFQ,2024-04-28 14:03:00+00:00,2165019,24078,1615,PT22M10S,22.166666666666668,0.011867332342118014
I Survived the World's STRICTEST SCHOOL,8mE8rxRoVoI,UCyagEfIN1okQ-s996XAqCFQ,2024-04-13 14:03:00+00:00,5779447,74880,4876,PT53M10S,53.16666666666666,0.013799936222271785
I Built 5 SECRET Rooms In ONE COLOR!,Pkd-BE3-xMA,UCyagEfIN1okQ-s996XAqCFQ,2024-03-30 14:03:00+00:00,6553937,65845,4662,PT29M40S,29.666666666666668,0.010757961207133971
I Built a SECRET 7-11 in My SCHOOL,ytYAhZmP2G0,UCyagEfIN1okQ-s996XAqCFQ,2024-03-23 14:01:00+00:00,2541658,36818,1902,PT25M47S,25.78333333333333,0.015234150306610881
I Survived WORLD'S STRICTEST PARENTS For 24 Hours!,VY3SXfwS8iY,UCyagEfIN1okQ-s996XAqCFQ,2024-03-09 13:55:00+00:00,1777129,20427,3003,PT23M7S,23.116666666666667,0.013184186404025819
EXTREME CAMOUFLAGE HIDE AND SEEK! (BOYS VS GIRLS),jEHtcUH4F-M,UCyagEfIN1okQ-s996XAqCFQ,2024-03-02 14:03:00+00:00,4021703,50560,4573,PT29M35S,29.58333333333333,0.013708869103461892
I Surived Babysitting WORLD'S WORST KIDS,uFBb311XfrE,UCyagEfIN1okQ-s996XAqCFQ,2024-02-25 15:03:00+00:00,4682881,43235,3021,PT30M2S,30.03333333333333,0.009877680000837092
EATING 100 YEARS OF JAIL FOOD!,_E4UvgISYms,UCyagEfIN1okQ-s996XAqCFQ,2024-02-14 13:01:01+00:00,2396987,22363,2013,PT29M55S,29.916666666666668,0.010169433543027143
I Built a SECRET ROOM to Hide From The Police!,qd-YzgiZhGg,UCyagEfIN1okQ-s996XAqCFQ,2024-01-13 15:02:00+00:00,1780059,16741,1283,PT29M54S,29.9,0.010125507075889058
I Built a SECRET Room in Public!,QmbPQnZSHuI,UCyagEfIN1okQ-s996XAqCFQ,2023-12-30 13:38:38+00:00,3961638,34768,5059,PT26M35S,26.58333333333333,0.01005316487776016
"Last To Sleep Wins $100,000!!",GFLiESjdDrs,UCyagEfIN1okQ-s996XAqCFQ,2023-12-23 15:30:04+00:00,3281758,29575,2661,PT37M17S,37.28333333333333,0.0098227840078397
EXTREME CAMOUFLAGE HIDE AND SEEK!!,A92YsfoXlN0,UCyagEfIN1okQ-s996XAqCFQ,2023-12-08 15:01:33+00:00,6257058,34369,1759,PT36M27S,36.45,0.005773959582922198
Eating 100 Years Of Foods!,Bcb7o7MBcwg,UCyagEfIN1okQ-s996XAqCFQ,2023-12-03 15:00:07+00:00,1521396,13393,1921,PT16M38S,16.633333333333333,0.010065755398331532
"WORLD'S STRONGEST MAN vs 100,000$ UNBREAKABLE SAFE!!",wrK-tFYQWoo,UCyagEfIN1okQ-s996XAqCFQ,2023-11-18 15:15:02+00:00,5071240,42379,1003,PT30M9S,30.15,0.008554515266483148
Someone Broke Into My House At 3AM!!!,pVHmHosd2cM,UCyagEfIN1okQ-s996XAqCFQ,2023-10-18 14:32:24+00:00,5332393,54684,1404,PT10M17S,10.283333333333331,0.010518354517380845
100 One Color Mystery Buttons!! (Only 1 lets you ESCAPE),dzVXYLmqeqo,UCyagEfIN1okQ-s996XAqCFQ,2023-09-21 12:00:29+00:00,1979566,43293,1166,PT13M26S,13.433333333333334,0.022458963227293256
I Finally Found My Real Dad,XkKXJDbs6sc,UCyagEfIN1okQ-s996XAqCFQ,2023-09-05 12:00:27+00:00,17716100,151996,7080,PT1H2M18S,62.3,0.008979177132664638
